Employee_ID,Employee_Name,Age,Years_of_Service,Position,Gender,Department,Salary,Performance_Rating,Work_Hours,Attrition,Promotion,Training_Hours,Satisfaction_Score,Education_Level,Employee_Engagement_Score,Absenteeism,Distance_from_Work,JobSatisfaction_PeerRelationship,JobSatisfaction_WorkLifeBalance,JobSatisfaction_Compensation,JobSatisfaction_Management,JobSatisfaction_JobSecurity,EmployeeBenefit_HealthInsurance,EmployeeBenefit_PaidLeave,EmployeeBenefit_RetirementPlan,EmployeeBenefit_GymMembership,EmployeeBenefit_ChildCare
E00192,Pari Sarkar,50,33,AccountExecutive,F,Sales,8713442,3,45,Yes,Yes,32,5,Bachelor's,4,2,36.48,0,1,1,0,1,0,1,1,0,0
E00214,Elakshi Sama,50,20,AccountExecutive,F,Sales,9310918,2,55,Yes,No,26,1,Master's,5,16,48.52,0,0,0,0,1,1,0,0,0,0
E00270,Madhav Dixit,43,20,AccountExecutive,F,Sales,3202420,3,50,Yes,No,13,1,Diploma,4,2,17.21,0,1,0,0,0,1,1,1,1,1
E00245,Miraan Shroff,50,16,AccountExecutive,Female,Sales,5423080,2,40,Yes,Yes,13,4,Bachelor's,3,17,23.3,1,0,0,1,0,1,1,1,1,1
E00324,Yashvi Chaudhari,50,15,Account Exec.,Female,Sales,5746121,4,40,No,No,20,2,Diploma,1,3,21.67,0,1,1,1,0,1,0,0,0,0
E00105,Romil Dey,24,2,Account Exec.,Female,Sales,643174,1,45,Yes,Yes,13,4,PhD,2,2,48.27,1,1,1,1,1,1,1,1,0,1
E00309,Aarush Gole,31,2,Account Exec.,Female,Sales,714661,1,40,No,Yes,14,4,Bachelor's,2,2,40.13,1,0,1,1,1,1,0,1,1,1
E00641,Shray Hayer,24,2,AccountExec.,Female,Sales,847362,1,50,Yes,No,37,1,Bachelor's,4,11,45.56,0,1,1,1,1,1,1,1,1,1
E00441,Ojas Garde,50,16,AccountExec.,M,Sales,6624671,4,45,Yes,Yes,9,5,Master's,2,9,36.08,0,1,0,0,1,1,1,1,1,1
E00043,Aradhya Raj,38,15,AccountExec.,Male,Sales,7516570,2,45,Yes,Yes,16,5,Diploma,4,4,41.33,0,1,0,1,0,1,1,1,1,1
E00034,Parinaaz Shukla,50,13,AccountExec.,Male,Sales,5546691,4,55,Yes,No,50,3,Bachelor's,2,6,33.7,1,1,1,1,0,1,0,0,0,0
E00156,Hunar Manda,49,11,Account Executive,Male,Sales,8669262,5,55,No,Yes,20,3,PhD,5,8,30.1,1,1,0,1,0,1,0,1,1,1
E00578,Azad Chowdhury,31,9,Account Executive,Male,Sales,2651467,2,50,No,No,25,3,Diploma,2,18,21.33,1,1,1,1,1,1,1,1,1,1
E00216,Dishani Dua,34,8,Account Executive,Male,Sales,2146259,3,50,Yes,Yes,35,5,Bachelor's,2,20,15.79,0,0,1,1,1,1,1,1,1,1
E00670,Indranil Dora,50,8,Account Executive,Male,Sales,2230065,4,40,No,Yes,18,4,Bachelor's,2,17,20.71,1,0,0,0,0,0,1,1,0,0
E00255,Navya Lalla,31,7,Account Executive,Male,Sales,2574278,4,45,Yes,Yes,9,1,Bachelor's,5,10,46.81,1,1,1,1,1,1,1,0,1,1
E00177,Riaan Loyal,48,3,Account Executive,Male,Sales,1871421,3,55,Yes,Yes,37,1,Master's,3,17,16.26,1,0,0,0,0,1,0,1,1,0
E00137,Sara Sankar,34,1,Account Executive,Male,Sales,622479,2,50,No,Yes,25,4,PhD,5,1,22.47,1,1,1,1,1,1,1,0,0,1
E00226,Taimur Saraf,26,1,Account Executive,Male,Sales,668147,4,55,Yes,Yes,49,1,Bachelor's,3,11,16.13,1,1,0,0,1,0,0,0,1,0
E00362,Zain Wagle,49,22,Accountant,F,Finance,7283211,4,55,Yes,No,38,3,PhD,2,0,42.32,0,0,0,0,1,1,1,0,0,0
E00155,Ehsaan Raju,50,20,Accountant,F,Finance,3811392,3,45,No,No,15,2,Master's,5,10,5.14,0,0,0,1,0,0,1,1,1,1
E00138,Ivan Rattan,50,12,Accountant,Female,Finance,7714380,5,55,No,No,16,1,Bachelor's,1,17,35.18,1,1,1,0,0,1,1,0,1,0
E00596,Hansh Jani,50,12,Accountant,Female,Finance,5645763,4,40,Yes,No,19,4,Bachelor's,1,6,39.02,1,1,1,1,1,0,0,0,0,1
E00669,Manikya Madan,50,11,Accountant,Female,Finance,7617202,3,45,No,No,12,5,Diploma,4,18,35.3,1,1,1,0,1,1,1,1,1,0
E00083,Saanvi Dubey,49,5,Accountant,Female,Finance,1053435,2,50,Yes,Yes,34,4,Master's,4,20,13.15,0,0,1,0,1,1,1,1,1,1
E00339,Riaan Sagar,50,3,Accountant,Female,Finance,1866155,4,40,Yes,No,47,3,Bachelor's,5,10,22.27,1,1,0,1,1,0,0,0,0,1
E00037,Renee Lala,50,2,Accountant,Female,Finance,599027,2,40,No,Yes,7,4,Diploma,1,17,12.11,0,1,1,0,1,1,1,0,1,1
E00706,Vidur Kata,42,2,Accountant,Female,Finance,571453,1,50,Yes,Yes,46,1,PhD,5,10,13.26,0,1,1,0,0,1,1,0,0,0
E00408,Renee Chandran,45,1,Accountant,Female,Finance,907170,2,40,No,Yes,18,1,Diploma,4,15,20.63,1,0,1,0,0,1,1,0,1,1
E00718,Aniruddh Dada,50,22,Accountant,M,Finance,7555520,3,40,No,No,43,1,Master's,3,18,9.01,0,0,1,1,0,1,0,0,0,0
E00449,Eva Yohannan,49,21,Accountant,M,Finance,7703900,2,40,Yes,Yes,25,5,Bachelor's,4,15,30.53,0,0,0,1,0,0,1,1,0,1
E00541,Trisha Mall,50,21,Accountant,M,Finance,5439542,3,45,No,Yes,27,4,PhD,2,9,30.38,1,1,0,0,1,0,1,0,0,0
E00159,Charvi Krish,50,18,Accountant,M,Finance,3543281,4,45,Yes,Yes,49,2,Master's,1,0,49.95,0,1,0,0,0,1,1,1,1,1
E00352,Sahil Kuruvilla,43,16,Accountant,M,Finance,6449368,3,55,Yes,No,18,4,PhD,2,10,15.87,1,0,1,1,1,0,0,0,1,0
E00242,Indranil Guha,50,14,Accountant,Male,Finance,5072709,5,45,No,No,43,5,PhD,3,7,38.99,1,1,1,1,1,0,1,0,1,1
E00424,Himmat Walla,46,13,Accountant,Male,Finance,6436149,1,40,Yes,No,33,2,Diploma,5,17,7.38,0,1,0,0,1,1,0,0,0,0
E00486,Suhana Kumer,42,13,Accountant,Male,Finance,7650475,4,50,Yes,No,48,1,Master's,5,3,14.93,1,1,0,0,1,1,0,0,1,0
E00231,Nirvi Samra,50,11,Accountant,Male,Finance,3657107,4,55,Yes,No,47,3,PhD,3,3,27.26,1,0,1,0,0,0,0,1,0,1
E00376,Nishith Chopra,38,9,Accountant,Male,Finance,2367379,1,50,No,Yes,18,2,Master's,3,19,40.98,0,1,1,0,1,0,1,1,1,1
E00702,Fateh Kapoor,50,9,Accountant,Male,Finance,2058049,5,55,Yes,No,16,3,Master's,3,8,30.97,0,0,0,1,1,0,1,0,0,1
E00010,Piya Gandhi,38,4,Accountant,Male,Finance,1505649,1,50,No,No,34,3,PhD,4,3,18.28,1,1,1,1,1,0,0,1,1,0
E00356,Aayush Karpe,35,4,Accountant,Male,Finance,1956084,2,45,No,No,19,5,Master's,5,19,14.35,1,1,1,1,1,0,1,1,0,0
E00392,Indrans Chakrabarti,50,4,Accountant,Male,Finance,1730683,1,50,No,No,13,5,Master's,4,13,33.02,0,0,0,1,1,1,1,0,1,1
E00346,Heer Kari,28,2,Accountant,Male,Finance,570361,5,40,Yes,No,13,4,PhD,4,15,44.58,1,1,1,1,1,1,0,0,0,1
E00527,Jivin Gera,23,1,Accountant,Male,Finance,748973,5,45,Yes,Yes,26,4,PhD,5,12,21.66,1,0,1,1,1,1,1,1,1,1
E00644,Pihu Bose,23,1,Accountant,Male,Finance,951978,2,45,No,No,41,4,Bachelor's,1,19,26.83,0,1,1,0,1,1,1,1,0,1
E00524,Anya Sastry,50,37,CEO,M,Finance,9360701,3,40,Yes,Yes,22,2,PhD,5,19,20.48,0,0,1,0,0,0,1,0,0,1
E00120,Aayush Biswas,22,4,Content Creator,F,Marketing,448634,4,50,No,Yes,49,5,Diploma,5,17,18.58,0,0,1,1,1,1,1,1,1,1
E00385,Pari Gade,26,3,Content Creator,F,Marketing,445173,5,50,No,No,8,1,PhD,2,10,17.17,1,1,1,1,1,0,0,0,0,1
E00634,Saanvi Sundaram,21,3,Content Creator,F,Marketing,484001,5,50,Yes,Yes,27,5,Master's,1,19,28.69,0,1,0,0,0,0,0,1,1,1
E00391,Zoya Bhattacharyya,26,3,Content Creator,F,Marketing,476284,3,45,No,No,49,3,Master's,5,19,21.83,0,0,0,1,1,0,0,0,0,1
E00473,Saira Khatri,20,2,Content Creator,Female,Marketing,369240,3,50,Yes,Yes,27,3,PhD,3,4,20.4,1,0,0,0,1,1,0,1,1,1
E00074,Nehmat Gokhale,24,4,Content Creator,Female,Marketing,450508,3,40,Yes,No,6,4,Master's,5,3,43.83,1,1,1,1,1,0,0,1,1,0
E00456,Seher Badal,28,3,Content Creator,Female,Marketing,488716,5,55,Yes,No,48,3,Master's,1,1,24.91,0,1,0,1,0,1,1,1,1,0
E00588,Armaan Bajwa,27,3,Content Creator,Female,Marketing,358630,3,45,Yes,No,39,3,Bachelor's,2,2,45.06,1,1,1,1,0,0,0,1,1,1
E00075,Nirvi Dass,26,4,Content Creator,Female,Marketing,460526,1,50,Yes,No,26,1,Diploma,5,17,9.31,1,0,0,1,1,0,0,0,1,0
E00264,Adah Chahal,26,3,Content Creator,Female,Marketing,441368,5,40,Yes,No,34,1,Diploma,3,11,7.65,1,1,1,1,1,1,1,1,1,1
E00008,Hazel Sastry,29,2,Creator,Female,Marketing,355401,1,50,No,No,9,3,PhD,3,3,35.07,1,0,1,1,1,0,0,0,1,0
E00487,Vardaniya Sahota,27,2,Creator,Female,Marketing,463150,3,50,Yes,No,33,3,Bachelor's,1,17,28.57,1,1,1,1,1,0,0,0,0,1
E00024,Divij Baria,23,2,Creator,Female,Marketing,434295,4,50,No,Yes,15,3,Diploma,1,16,15.57,1,0,1,1,1,1,1,1,1,1
E00652,Emir Sandhu,22,2,Creator,M,Marketing,351525,1,50,No,Yes,13,5,PhD,4,9,26.11,0,1,0,0,1,0,1,0,0,1
E00078,Shamik Shankar,30,4,Creator,M,Marketing,371451,4,55,Yes,No,24,5,Bachelor's,5,9,43.79,1,1,0,1,1,1,1,1,1,1
E00673,Ivana Batra,28,3,Creator,Male,Marketing,481218,1,45,Yes,Yes,17,1,Master's,2,4,18.38,1,0,0,1,0,1,1,0,0,0
E00372,Heer Ravel,24,4,Creator,Male,Marketing,303552,5,55,No,No,17,4,Master's,3,0,47.42,1,0,0,0,0,1,1,1,1,1
E00580,Jayan Dani,26,4,Creator,Male,Marketing,309484,3,45,Yes,No,38,4,Master's,1,5,48.92,0,0,1,0,0,1,0,0,1,1
E00196,Divyansh Keer,25,5,Creator,Male,Marketing,448551,3,55,Yes,No,18,3,PhD,1,17,36.62,0,1,0,0,0,1,1,1,1,1
E00679,Aarush Babu,26,3,Creator,Male,Marketing,497891,3,50,Yes,No,20,2,Master's,5,8,49.25,0,0,1,0,0,0,1,0,0,0
E00373,Purab D’Alia,26,5,Creator,Male,Marketing,384677,4,55,Yes,Yes,48,3,Bachelor's,1,2,7.96,0,0,1,0,0,0,1,1,1,1
E00635,Piya Bhargava,29,2,Creator,Male,Marketing,409015,3,55,No,No,39,4,PhD,5,14,23.8,1,1,1,1,0,1,1,1,1,1
E00654,Nitya Kohli,23,4,Creator,Male,Marketing,300622,5,50,Yes,No,6,2,Diploma,2,17,17.56,1,1,1,0,1,0,0,1,1,1
E00750,Hridaan Comar,26,3,Creator,Male,Marketing,328616,2,45,No,Yes,17,1,Diploma,5,15,10,0,1,0,1,0,0,1,0,1,1
E00539,Elakshi Buch,26,3,Creator,Male,Marketing,478514,1,45,No,Yes,7,5,Bachelor's,4,16,10.39,1,1,1,1,1,0,1,0,1,1
E00733,Ojas Behl,26,5,Creator,Male,Marketing,382052,1,55,Yes,Yes,5,5,Master's,1,18,24.25,1,1,0,1,1,0,1,0,1,0
E00035,Indrajit Bahl,50,35,COO,M,Marketing,9687074,3,55,Yes,No,14,2,Bachelor's,3,0,18.68,1,0,1,1,1,0,1,1,1,1
E00315,Amira Sehgal,50,30,CTO,F,IT,9931132,4,45,No,No,24,5,Master's,5,2,15.44,0,1,1,1,1,1,0,1,1,1
E00747,Ishita Jain,50,25,Data Analyst,F,IT,7859084,4,55,No,No,45,4,PhD,2,17,20.79,0,0,0,1,0,1,1,1,1,0
E00720,Hansh Bhardwaj,43,12,Data Analyst,Female,IT,4128375,4,50,No,No,37,5,Bachelor's,2,19,40.29,0,0,0,1,0,1,1,1,1,0
E00612,Jayan Garde,44,11,Data Analyst,Female,IT,8386710,1,45,No,Yes,15,5,Diploma,4,7,43.36,1,0,0,0,1,0,0,0,1,1
E00015,Zara Mahal,49,10,Data Analyst,Female,IT,2889383,5,50,Yes,Yes,14,3,PhD,4,5,27.95,1,1,1,1,1,0,1,0,1,1
E00478,Nirvi Reddy,31,6,Data Analyst,Female,IT,2999758,2,55,No,Yes,16,5,Diploma,5,7,33.62,1,0,0,1,1,1,1,1,1,1
E00435,Jayesh Dasgupta,27,5,Data Analyst,Female,IT,1307936,4,45,No,No,43,3,Master's,4,20,11.51,1,0,1,0,1,1,1,1,1,1
E00106,Divyansh Khanna,39,4,Data Analyst,Female,IT,1777645,1,55,No,Yes,11,2,PhD,2,5,33.57,1,1,1,1,1,1,1,1,1,0
E00225,Sumer Banik,50,2,Data Analyst,Female,IT,562375,2,55,No,No,9,3,Master's,1,6,45.3,1,1,1,1,1,0,0,0,1,0
E00283,Devansh Sule,36,1,Analyst,Female,IT,734514,3,40,No,No,13,2,Diploma,4,11,6.77,0,0,1,0,1,0,0,1,0,1
E00468,Samarth Kota,37,1,Analyst,Female,IT,929620,5,55,No,No,22,5,Master's,5,13,47.85,1,1,1,1,1,1,1,0,1,1
E00726,Vaibhav Khanna,43,19,Analyst,M,IT,9016502,1,40,Yes,Yes,36,3,Master's,3,19,7.95,0,0,1,0,0,0,0,1,0,0
E00451,Trisha Lata,47,17,Analyst,M,IT,8158293,3,45,No,Yes,8,4,Master's,1,6,9.76,1,1,1,0,1,1,1,1,1,1
E00671,Amani Banerjee,50,17,Analyst,M,IT,5211087,5,50,Yes,Yes,11,2,Master's,2,15,10.57,0,0,0,1,0,0,0,0,1,0
E00018,Manjari Koshy,50,16,Analyst,M,IT,8595007,3,50,No,Yes,40,1,Diploma,5,15,41.9,1,1,1,1,1,0,1,1,1,1
E00386,Umang Ratti,39,9,DataAnalyst,Male,IT,2829062,1,55,No,No,25,4,Bachelor's,2,0,42.97,0,0,1,1,1,0,0,0,1,0
E00016,Divij Sem,35,8,DataAnalyst,Male,IT,2704177,2,50,No,Yes,47,3,Diploma,3,2,10.9,0,1,1,1,1,1,1,1,1,1
E00699,Ranbir Gola,38,8,DataAnalyst,Male,IT,2873776,3,45,Yes,Yes,42,3,PhD,1,18,26.4,1,1,0,1,1,0,0,1,1,0
E00123,Shayak Sridhar,38,5,DataAnalyst,Male,IT,1418167,3,45,Yes,Yes,7,2,Diploma,2,15,37.91,0,0,0,1,1,1,1,1,1,1
E00238,Taran Ganesh,35,4,DataAnalyst,Male,IT,1959321,2,55,Yes,No,32,2,PhD,4,2,11.63,1,0,0,0,0,1,1,1,0,0
E00234,Lavanya Dada,24,2,DataAnalyst,Male,IT,762916,5,45,Yes,Yes,41,3,Diploma,2,1,9.62,1,1,1,1,1,1,1,0,1,1
E00246,Riaan Grewal,43,2,DataAnalyst,Male,IT,773053,5,50,No,Yes,47,4,Bachelor's,3,16,49.97,1,1,1,1,0,0,1,1,0,1
E00705,Faiyaz Sangha,50,2,Data Analyst,Male,IT,815709,1,50,No,No,39,1,Bachelor's,3,9,31,1,1,1,1,1,1,1,1,0,0
E00206,Vidur Sura,31,1,Data Analyst,Male,IT,929363,5,45,Yes,No,5,5,PhD,5,15,9.63,1,1,1,1,1,1,1,0,1,1
E00111,Ranbir Varghese,41,12,Data Scientist,Female,IT,4248897,3,50,Yes,Yes,23,2,Master's,2,15,31.02,0,0,0,1,0,0,1,1,0,0
E00040,Kavya Devan,37,9,Data Scientist,Female,IT,2358423,4,40,Yes,No,24,2,Master's,5,7,21.53,1,1,0,1,1,0,1,0,1,0
E00056,Kartik Chanda,29,7,Data Scientist,Female,IT,2876949,4,50,Yes,Yes,12,2,Bachelor's,1,16,38.03,0,0,0,1,1,1,1,1,1,1
E00374,Fateh Rana,50,5,Data Scientist,Female,IT,1509079,5,45,Yes,Yes,41,3,Diploma,5,17,46.41,0,1,0,1,1,1,1,1,1,1
E00455,Baiju Anne,50,5,Data Scientist,Female,IT,1181588,4,55,No,Yes,42,2,PhD,1,18,15.51,1,1,1,0,1,0,0,1,0,1
E00411,Saksham Seshadri,36,2,Data Scientist,Female,IT,815060,3,50,No,Yes,20,5,Bachelor's,4,19,38.97,1,0,1,1,1,1,0,0,1,1
E00564,Samarth Kari,50,24,Data Scientist,M,IT,7626081,3,55,No,Yes,48,2,Master's,2,3,26.85,1,0,0,0,0,0,1,1,1,1
E00488,Taran Kata,40,17,Data Scientist,M,IT,7067697,5,45,Yes,No,34,2,PhD,5,19,28.98,1,1,1,1,0,1,1,1,1,0
E00598,Nirvaan Keer,44,15,Data Scientist,Male,IT,3927586,1,40,No,No,39,2,Diploma,2,5,42.75,0,1,0,1,1,0,1,0,1,0
E00332,Zain Karnik,48,9,Data Scientist,Male,IT,2821333,2,45,No,Yes,23,2,Bachelor's,2,10,34.23,0,1,1,0,0,0,1,1,1,1
E00382,Manikya Sandal,30,8,Data Scientist,Male,IT,2492391,4,55,Yes,No,12,5,Bachelor's,1,0,44.26,0,1,0,0,0,1,0,1,1,1
E00116,Riya Rout,37,7,Data Scientist,Male,IT,2525709,5,50,No,Yes,5,5,Master's,2,11,33.5,0,0,0,0,1,1,1,1,1,1
E00497,Miraan Sharaf,35,4,Data Scientist,Male,IT,1583585,5,45,No,No,13,5,Master's,4,9,28.73,1,1,1,0,1,1,0,0,0,1
E00526,Ivana Sant,28,4,Data Scientist,Male,IT,1883731,4,40,No,Yes,30,4,Diploma,3,0,32.1,0,1,0,0,1,0,1,1,1,1
E00544,Ehsaan Kala,32,4,Data Scientist,Male,IT,1948055,1,55,No,Yes,42,3,Bachelor's,3,13,8.01,0,0,1,0,0,1,1,1,1,1
E00378,Seher Loyal,29,3,Data Scientist,Male,IT,1258196,5,45,No,Yes,5,3,Master's,2,0,32.27,0,1,0,1,0,0,0,0,1,0
E00603,Hrishita Apte,50,33,Finance Manager,F,Finance,8318938,2,50,Yes,Yes,26,1,PhD,3,0,17.53,1,1,1,1,1,1,1,1,0,0
E00215,Manikya Batra,50,31,Finance Manager,F,Finance,7533079,2,45,Yes,No,25,1,Bachelor's,2,0,42.17,0,1,1,1,1,1,1,1,1,1
E00201,Faiyaz Wadhwa,50,28,Finance Manager,F,Finance,6730927,4,50,No,Yes,37,1,Diploma,1,0,16.06,0,1,0,0,0,0,1,1,1,0
E00377,Sara Sahni,50,21,Finance Manager,F,Finance,9189314,5,55,No,No,35,3,PhD,5,13,45.23,1,0,1,1,0,0,1,1,1,0
E00543,Aarav Talwar,44,21,Finance Manager,F,Finance,6820566,2,40,Yes,Yes,44,2,PhD,5,8,43.37,0,1,1,1,1,1,1,0,0,1
E00657,Anay Thaker,49,20,Finance Manager,F,Finance,3700285,4,45,No,Yes,32,3,Master's,4,11,44.64,1,0,0,0,0,0,1,0,1,1
E00124,Arnav Deshmukh,50,16,Finance Manager,Female,Finance,8734034,2,50,No,No,22,1,Diploma,1,0,31.41,1,0,0,1,1,1,0,0,1,1
E00381,Sara Mandal,40,16,Finance Manager,Female,Finance,4125490,5,45,No,Yes,39,2,Bachelor's,2,0,32.78,1,1,1,1,1,0,1,0,0,0
E00005,Dishani Boase,41,15,Finance Manager,Female,Finance,8240109,5,50,Yes,Yes,49,3,Master's,4,20,9.05,1,0,1,1,1,1,0,0,0,0
E00485,Vritika Bobal,39,11,Finance Manager,Female,Finance,6017606,4,40,Yes,No,22,1,PhD,1,15,27.78,1,0,0,0,0,1,0,0,0,0
E00613,Zain Buch,40,9,Finance Manager,Female,Finance,2211971,1,50,Yes,No,12,4,Diploma,3,1,12.54,0,1,0,0,0,0,1,1,1,1
E00624,Shray Bhavsar,49,8,Finance Manager,Female,Finance,2931263,5,55,Yes,No,11,3,Bachelor's,3,7,21.12,1,1,1,1,1,1,1,1,0,1
E00095,Armaan Kota,29,7,Finance Manager,Female,Finance,2784324,2,45,No,Yes,41,3,Master's,5,6,37.39,0,1,0,1,0,0,0,0,1,0
E00182,Dishani Mane,29,7,Finance Manager,Female,Finance,2259958,2,55,Yes,No,41,4,PhD,3,7,13.19,1,0,1,0,1,0,1,1,0,0
E00204,Nehmat Bhatia,38,6,Finance Manager,Female,Finance,2427222,4,45,No,Yes,34,2,Diploma,1,18,43.09,1,1,0,1,1,1,1,0,1,1
E00353,Onkar Khosla,31,5,Finance Manager,Female,Finance,1033222,3,45,Yes,Yes,28,3,PhD,4,7,24.97,1,1,1,0,0,1,1,1,0,0
E00058,Parinaaz Apte,34,3,Finance Manager,Female,Finance,1552799,4,50,No,No,28,3,Bachelor's,5,10,26.19,0,0,1,0,1,0,0,1,1,0
E00122,Vritika Gour,50,2,Finance Manager,Female,Finance,891261,4,55,Yes,Yes,38,4,Diploma,1,17,16.62,1,1,1,1,1,1,1,1,1,1
E00484,Shlok Chandran,36,2,Finance Manager,Female,Finance,961088,4,45,No,Yes,15,5,Master's,4,10,48.04,0,0,0,1,0,0,1,1,1,1
E00579,Myra Dhaliwal,50,2,Finance Manager,Female,Finance,617613,3,40,Yes,No,50,1,Bachelor's,4,8,23.88,1,1,1,1,1,1,1,1,1,1
E00651,Saira Khosla,48,2,Finance Manager,Female,Finance,609788,5,45,No,Yes,23,1,PhD,3,15,33.12,0,1,0,1,0,1,1,1,1,1
E00661,Vidur Chada,42,2,Finance Manager,Female,Finance,967652,5,45,Yes,Yes,48,5,Bachelor's,2,20,9.15,1,1,1,1,1,1,1,1,1,1
E00402,Ayesha Kari,25,1,Finance Manager,Female,Finance,653644,3,40,No,No,42,1,Bachelor's,4,12,16.95,1,1,1,1,1,0,1,1,1,1
E00291,Myra Magar,48,24,Finance Manager,M,Finance,4827093,2,50,No,Yes,42,1,Diploma,3,19,21.36,1,0,0,0,0,1,0,1,1,1
E00021,Kanav Mander,47,22,Finance Manager,M,Finance,9438709,3,45,No,Yes,15,2,Master's,4,14,18.93,0,1,1,1,0,1,1,1,0,1
E00132,Divyansh Mand,47,21,Finance Manager,M,Finance,8063679,3,40,No,No,48,4,Bachelor's,4,0,45.31,1,1,1,1,1,0,1,0,1,1
E00048,Aaryahi Tandon,50,17,Finance Manager,M,Finance,6762825,2,40,No,Yes,35,4,PhD,3,7,46.52,1,1,0,0,0,0,1,0,0,0
E00735,Miraya Som,50,16,Finance Manager,Male,Finance,3831806,4,45,Yes,No,36,2,Diploma,4,8,16.48,1,0,0,0,0,0,1,0,0,0
E00414,Pranay Gera,49,14,Finance Manager,Male,Finance,3957725,2,40,Yes,Yes,40,4,Master's,2,11,17.23,1,0,0,1,0,0,0,0,1,0
E00653,Tushar Master,37,14,Finance Manager,Male,Finance,7140050,5,40,No,No,29,2,PhD,4,2,22.8,1,1,0,1,1,0,0,1,0,0
E00311,Purab Vohra,50,11,Finance Manager,Male,Finance,7582764,1,45,No,Yes,19,2,Bachelor's,1,15,8.22,1,0,1,0,1,0,0,0,1,0
E00514,Taran Agate,42,11,Finance Manager,Male,Finance,6939009,5,45,No,Yes,41,1,Bachelor's,4,5,9.38,0,1,1,1,1,0,0,0,1,1
E00511,Shaan Tara,50,10,Finance Manager,Male,Finance,2927081,1,55,No,Yes,6,1,Diploma,1,19,28.38,1,0,1,1,1,1,1,1,1,1
E00627,Kashvi Issac,32,9,Finance Manager,Male,Finance,2390665,3,40,No,Yes,29,4,Diploma,4,19,13.62,1,1,1,1,0,1,0,1,1,1
E00566,Heer Venkataraman,29,6,Finance Manager,Male,Finance,2966171,4,55,No,Yes,38,2,Diploma,2,2,27.21,1,1,0,1,1,1,1,1,1,1
E00576,Misha Gala,50,6,Finance Manager,Male,Finance,2433346,3,40,Yes,No,37,5,Master's,2,5,29.61,1,0,1,1,1,1,0,1,0,0
E00587,Samarth Kumer,32,6,Finance Manager,Male,Finance,2937766,5,55,Yes,Yes,27,1,Bachelor's,1,11,19.43,1,0,1,0,1,0,0,1,1,1
E00616,Mishti Gola,49,5,Finance Manager,Male,Finance,1515710,4,50,Yes,Yes,40,4,PhD,5,7,41.53,0,1,0,0,0,1,1,1,0,0
E00031,Riaan Chanda,28,2,Finance Manager,Male,Finance,781874,3,45,No,No,15,2,Diploma,5,14,11.23,0,1,0,0,1,0,0,1,0,1
E00286,Tarini Bumb,29,2,Finance Manager,Male,Finance,865631,3,45,No,Yes,40,4,Bachelor's,1,15,6.4,0,1,0,1,0,1,0,0,1,0
E00689,Kaira Kakar,50,22,Financial Analyst,F,Finance,5376096,4,55,Yes,Yes,18,2,PhD,1,12,34.1,1,1,1,1,1,0,1,0,1,0
E00222,Piya Joshi,46,18,Financial Analyst,F,Finance,8433462,3,55,No,Yes,38,1,Master's,1,3,44.43,1,1,1,1,1,0,0,0,0,1
E00282,Kimaya Basak,50,13,Financial Analyst,Female,Finance,6736834,4,55,No,Yes,42,3,Master's,3,6,9.64,1,1,1,1,1,1,0,0,0,0
E00404,Nitara Wable,50,12,Financial Analyst,Female,Finance,7130109,3,40,No,Yes,5,3,Master's,4,16,29.87,0,1,0,0,1,1,0,0,0,0
E00314,Kanav Ben,45,10,Financial Analyst,Female,Finance,2123781,4,40,Yes,No,31,3,PhD,2,17,41.52,0,0,1,0,0,0,0,0,1,0
E00707,Jivika Thakkar,34,10,Financial Analyst,Female,Finance,2359257,1,40,Yes,Yes,49,3,Diploma,5,10,11.53,0,0,0,1,0,1,1,1,1,0
E00638,Hazel Saran,50,9,Financial Analyst,Female,Finance,2379910,4,45,Yes,No,22,5,Master's,3,20,29.63,0,0,0,1,0,1,1,1,1,1
E00383,Madhup Shankar,35,8,Financial Analyst,Female,Finance,2006650,4,50,No,No,21,2,PhD,3,7,35.89,0,0,0,1,1,0,0,1,0,1
E00452,Piya Bahl,36,7,Financial Analyst,Female,Finance,2734723,1,40,Yes,Yes,43,3,Bachelor's,1,19,45.16,1,1,1,1,1,0,1,1,0,0
E00390,Tejas Master,29,6,Financial Analyst,Female,Finance,2654818,2,40,No,Yes,13,2,Master's,3,15,18.96,0,1,1,1,1,0,0,0,0,1
E00011,Jhanvi Bedi,41,3,Financial Analyst,Female,Finance,1718723,4,55,No,Yes,46,2,Diploma,2,4,8.98,1,1,0,1,0,1,0,0,0,0
E00191,Lavanya Sekhon,28,3,Financial Analyst,Female,Finance,1768146,4,55,No,Yes,44,2,Diploma,4,19,19.3,0,1,0,1,0,1,1,1,1,1
E00269,Miraya Kashyap,25,3,Financial Analyst,Female,Finance,1210849,2,50,No,No,20,1,PhD,3,10,29.66,0,0,0,0,1,0,1,0,0,0
E00065,Krish De,24,2,Financial Analyst,Female,Finance,996921,1,45,Yes,No,33,1,Bachelor's,2,14,8.06,1,0,0,1,0,0,1,1,0,1
E00288,Raunak Lad,49,2,Financial Analyst,Female,Finance,939935,1,40,Yes,No,37,3,PhD,4,1,9.55,0,0,0,1,0,0,1,0,0,1
E00565,Anika Baria,24,2,Financial Analyst,Female,Finance,964900,1,55,Yes,Yes,26,1,Bachelor's,2,3,43.77,1,1,1,1,1,0,0,0,1,0
E00089,Arhaan Iyer,50,26,Financial Analyst,M,Finance,4088253,5,50,Yes,No,21,4,PhD,4,4,24.1,0,1,0,1,1,0,0,0,1,0
E00659,Advika Sathe,38,13,Financial Analyst,Male,Finance,3594322,1,45,Yes,Yes,9,2,Bachelor's,3,17,26.03,0,0,0,1,1,0,1,0,1,1
E00426,Taimur Dugal,36,12,Financial Analyst,Male,Finance,7232961,1,40,No,No,5,4,Bachelor's,5,12,23.34,0,1,0,0,0,0,1,0,0,1
E00607,Hridaan Saxena,37,11,Financial Analyst,Male,Finance,5172799,1,40,Yes,Yes,36,1,Diploma,4,12,22.16,1,0,1,1,0,0,0,1,0,0
E00252,Kiara Kakar,40,10,Financial Analyst,Male,Finance,2908804,2,45,No,Yes,42,3,Diploma,1,4,39.35,1,0,0,0,1,1,1,1,1,1
E00041,Bhamini Sahota,33,3,Financial Analyst,Male,Finance,1369503,4,55,Yes,Yes,24,5,PhD,5,12,35.63,0,1,1,1,1,0,1,0,0,0
E00480,Tanya Kalla,26,3,Financial Analyst,Male,Finance,1567876,3,50,Yes,No,16,4,PhD,4,0,39.88,1,0,0,0,1,1,1,0,0,0
E00012,Adira Dugar,26,2,Financial Analyst,Male,Finance,859024,2,40,No,No,6,1,Bachelor's,4,1,25.3,0,1,1,0,1,0,1,1,1,0
E00185,Trisha Jani,31,2,Financial Analyst,Male,Finance,581486,2,45,No,No,44,5,Master's,2,20,25.75,0,0,0,1,1,1,1,1,1,1
E00195,Veer Karnik,49,2,Financial Analyst,Male,Finance,667759,5,40,No,Yes,23,3,Bachelor's,3,18,6.27,1,1,1,1,0,1,1,1,1,1
E00570,Divyansh Keer,27,2,Financial Analyst,Male,Finance,763641,4,40,No,Yes,43,4,PhD,2,17,44.31,0,1,0,1,0,1,0,0,1,0
E00656,Vanya Varty,50,2,Financial Analyst,Male,Finance,792243,4,55,Yes,No,19,5,Bachelor's,1,20,43.77,0,1,0,1,0,1,0,0,0,1
E00009,Sahil Bawa,30,1,Financial Analyst,Male,Finance,513819,4,45,No,No,42,2,PhD,3,11,44.5,1,1,0,0,0,1,0,1,0,1
E00250,Hansh Kade,25,1,Financial Analyst,Male,Finance,715476,4,45,No,No,13,1,Diploma,3,9,38.34,1,1,1,1,1,1,0,0,1,0
E00275,Tara D’Alia,24,1,Financial Analyst,Male,Finance,874278,3,50,No,No,47,4,PhD,4,12,31,0,0,0,0,1,1,0,0,1,1
E00680,Ivana Sarma,24,1,Financial Analyst,Male,Finance,816979,5,45,No,No,47,3,Bachelor's,3,4,11.46,0,0,1,1,1,1,1,1,1,1
E00594,Tejas Kumer,50,35,Head Data Analytics,F,IT,4005606,3,50,No,Yes,30,5,Diploma,4,6,35.86,1,1,1,1,1,0,1,0,0,0
E00112,Arnav Bahri,48,26,HR Coordinator,F,HR,8973454,4,40,Yes,No,22,5,Diploma,5,7,17.57,0,0,1,1,0,1,0,0,0,0
E00237,Hansh Atwal,49,24,HR Coordinator,F,HR,7541140,1,45,No,Yes,24,5,Master's,3,15,25.47,0,1,1,0,1,1,0,1,0,0
E00397,Mehul Sidhu,50,15,HR Coordinator,Female,HR,4432656,5,45,No,No,25,5,Master's,5,8,17.03,0,1,0,0,0,1,1,1,1,1
E00082,Pari Gola,41,11,HR Coordinator,Female,HR,4647868,5,55,Yes,No,24,5,PhD,3,8,34.13,1,1,1,1,1,1,1,1,1,0
E00088,Uthkarsh Savant,38,11,HR Coordinator,Female,HR,3724524,4,50,No,No,28,5,PhD,4,10,8.14,1,1,1,1,1,0,1,0,1,1
E00450,Ira Keer,36,9,HR Coordinator,Female,HR,2433378,5,45,Yes,Yes,22,4,Bachelor's,2,10,5.51,0,1,0,1,1,0,0,1,0,1
E00508,Rasha Wable,42,7,HR Coordinator,Female,HR,2204681,5,50,No,Yes,49,4,Diploma,5,4,33.47,0,1,1,0,0,1,0,1,0,1
E00712,Vihaan Walla,30,7,HR Coordinator,Female,HR,2306304,1,40,Yes,No,38,4,Master's,4,1,30.69,0,0,1,0,0,1,1,1,1,1
E00129,Ryan Chakraborty,48,6,HR Coordinator,Female,HR,2001732,2,45,Yes,No,12,5,Bachelor's,2,3,36.21,1,0,1,1,1,0,0,1,1,1
E00584,Ishaan Manne,40,4,HR Coordinator,Female,HR,1732718,1,55,Yes,Yes,27,1,Diploma,3,18,33.62,1,0,0,1,0,0,0,0,1,1
E00071,Nitya Chahal,45,3,HR Coordinator,Female,HR,1508309,5,45,Yes,No,20,2,Bachelor's,2,5,44.23,0,0,0,0,1,1,1,1,1,1
E00433,Misha Vig,33,3,HR Coordinator,Female,HR,1170993,2,45,No,Yes,10,1,Bachelor's,4,16,20,1,1,1,1,1,1,0,0,0,0
E00002,Arnav Dayal,50,20,HR Coordinator,M,HR,5059878,2,50,No,Yes,11,3,Diploma,2,0,20.92,0,0,1,0,0,1,0,1,1,1
E00052,Anay Bhatia,50,17,HR Coordinator,M,HR,5471052,5,40,Yes,No,22,5,PhD,5,14,48.04,0,1,0,1,1,0,1,1,0,1
E00562,Anay Gill,48,8,HR Coordinator,Male,HR,2630896,5,55,Yes,No,41,5,Diploma,1,1,42.72,1,1,1,1,0,1,1,0,0,1
E00453,Vivaan Sen,34,5,HR Coordinator,Male,HR,1660264,1,45,Yes,No,45,1,Diploma,1,7,40.73,1,1,0,1,1,1,1,1,1,1
E00026,Romil Majumdar,36,3,HR Coordinator,Male,HR,1853736,3,40,Yes,Yes,35,3,PhD,5,6,14.09,1,1,0,1,1,0,1,0,0,1
E00251,Ira Joshi,30,3,HR Coordinator,Male,HR,1937650,3,50,No,Yes,50,4,Bachelor's,4,8,7.58,0,1,0,1,0,1,1,1,1,0
E00302,Ahana  Doctor,45,2,HR Coordinator,Male,HR,990250,4,45,Yes,Yes,29,4,Master's,5,13,37.24,0,0,0,0,1,1,1,0,1,0
E00379,Badal Bhat,32,1,HR Coordinator,Male,HR,957252,2,55,No,Yes,30,5,Master's,4,16,26.01,0,1,1,0,1,1,1,1,1,0
E00240,Kabir Rajagopalan,50,27,HR Manager,F,HR,4523376,4,40,No,Yes,10,1,Master's,1,17,10.97,1,0,0,0,0,0,1,0,0,1
E00666,Priyansh Thaman,49,24,HR Manager,F,HR,6043773,5,55,No,Yes,13,2,Diploma,2,4,35.4,0,0,1,1,0,1,0,1,1,0
E00398,Sumer Ramanathan,50,20,HR Manager,F,HR,9297047,5,55,Yes,No,47,2,Diploma,1,13,31.06,1,0,0,0,0,1,0,1,1,1
E00417,Sana Rau,48,20,HR Manager,F,HR,5656689,2,55,Yes,No,17,2,Bachelor's,4,3,22.12,1,1,1,1,1,1,0,1,1,0
E00647,Kimaya Rout,44,20,HR Manager,F,HR,6065482,2,45,Yes,Yes,34,5,PhD,5,12,41.06,1,1,1,1,0,0,1,0,1,0
E00574,Ishaan Chahal,50,10,HR Manager,Female,HR,2562677,4,50,No,Yes,21,1,Diploma,5,15,28.27,1,1,1,1,1,0,1,0,1,1
E00321,Stuvan Subramanian,32,6,HR Manager,Female,HR,2750092,1,55,No,No,30,4,Master's,5,1,12.75,1,0,0,1,0,0,1,1,1,1
E00745,Stuvan Khosla,33,6,HR Manager,Female,HR,2617504,4,55,Yes,No,32,2,Diploma,1,7,29.86,0,0,1,0,0,1,0,0,0,1
E00210,Ahana  Grewal,28,4,HR Manager,Female,HR,1010434,2,55,Yes,No,35,1,PhD,1,13,27.12,0,0,1,0,0,1,1,1,0,1
E00742,Zeeshan Datta,44,3,HR Manager,Female,HR,1943822,2,45,Yes,No,27,1,Master's,4,1,14.87,0,1,1,1,1,0,0,1,0,1
E00128,Sana Dar,50,1,HR Manager,Female,HR,559475,3,45,Yes,No,32,3,Diploma,3,20,43.3,1,1,1,1,1,0,0,0,0,1
E00595,Hazel Iyengar,38,1,HR Manager,Female,HR,699055,1,40,Yes,No,23,5,Bachelor's,1,2,7.69,0,0,0,1,0,1,1,1,1,1
E00621,Riaan Majumdar,50,29,HR Manager,M,HR,7184535,2,40,Yes,No,14,3,PhD,4,19,30.58,1,0,1,1,1,1,0,0,0,0
E00142,Biju Hans,47,20,HR Manager,M,HR,4806226,1,50,Yes,No,17,5,Bachelor's,5,10,47.89,1,1,1,1,0,1,1,0,0,1
E00660,Prerak Anne,44,19,HR Manager,M,HR,4906688,5,50,No,Yes,10,3,Bachelor's,4,19,21.78,0,1,0,0,0,1,1,0,0,0
E00412,Shlok Venkataraman,50,18,HR Manager,M,HR,5613171,4,55,Yes,Yes,26,4,PhD,1,5,16.61,0,0,1,0,1,1,1,1,1,1
E00247,Nitara Bajaj,50,16,HR Manager,Male,HR,5499619,5,50,Yes,No,19,4,PhD,1,9,21.84,1,1,1,1,1,1,0,1,0,0
E00351,Ojas Samra,37,14,HR Manager,Male,HR,4990978,1,55,Yes,Yes,40,3,PhD,1,20,22.99,1,1,1,0,0,1,1,1,1,1
E00259,Ritvik Keer,50,12,HR Manager,Male,HR,9413329,5,45,Yes,No,41,4,Master's,1,10,49.78,0,0,1,0,1,0,0,1,0,1
E00602,Raghav Wali,35,12,HR Manager,Male,HR,7856755,3,50,Yes,No,10,5,PhD,5,0,5.39,0,1,0,0,0,1,0,1,0,1
E00704,Shayak Krish,50,11,HR Manager,Male,HR,7463595,5,45,No,No,6,3,PhD,2,4,21.98,1,1,1,1,1,1,0,0,1,0
E00540,Neysa Bir,37,10,HR Manager,Male,HR,2670953,5,45,No,Yes,22,2,Bachelor's,3,16,15.46,0,0,1,1,0,1,1,1,1,0
E00629,Vanya Kala,49,8,HR Manager,Male,HR,2819627,2,45,Yes,Yes,19,3,Diploma,5,19,9.41,0,1,1,1,1,0,0,0,1,0
E00693,Nirvi Wable,33,5,HR Manager,Male,HR,1608772,3,45,No,No,35,4,Diploma,2,3,11.36,1,1,1,1,1,0,0,0,1,0
E00322,Aaryahi Swamy,31,2,HR Manager,Male,HR,623100,1,45,No,Yes,28,1,Diploma,2,9,28.62,1,0,0,1,0,1,0,0,0,0
E00593,Riya Dasgupta,24,2,HR Manager,Male,HR,501203,1,45,Yes,No,32,4,Diploma,5,16,30.31,0,0,0,1,1,0,1,1,0,1
E00741,Ira Gara,46,2,HR Manager,Male,HR,655351,2,50,No,Yes,7,4,Diploma,3,5,16.17,1,1,1,1,1,0,0,0,0,1
E00126,Taran Hora,24,1,HR Manager,Male,HR,601212,1,45,No,No,46,5,Master's,3,0,40.02,1,0,0,1,1,1,1,1,0,1
E00329,Mehul Ramaswamy,50,1,HR Manager,Male,HR,576966,3,50,Yes,Yes,45,5,Diploma,5,17,18.71,0,0,1,0,1,1,1,1,1,1
E00001,Tara Walia,28,1,Intern,Female,Marketing,474377,4,40,No,No,12,1,Bachelor's,2,3,27.91,0,1,0,0,0,1,1,1,1,1
E00097,Badal Tailor,23,1,Intern,Female,HR,439933,2,45,No,No,32,5,Diploma,2,2,21.78,1,1,1,1,1,0,0,0,0,1
E00099,Samaira Bhattacharyya,23,1,Intern,Female,IT,320182,3,40,Yes,No,50,4,Bachelor's,2,18,36.27,1,0,0,0,0,0,1,1,1,1
E00102,Abram Sekhon,24,1,Intern,Female,Finance,470064,4,40,No,No,47,2,Master's,4,15,30.17,0,0,0,1,0,0,1,0,0,0
E00114,Tejas Mander,21,1,Intern,Female,Finance,390133,3,40,Yes,No,25,2,Bachelor's,5,18,40.58,1,1,1,0,1,1,1,1,1,1
E00125,Indrajit Manne,25,1,Intern,Female,Operations,342160,4,50,Yes,No,43,5,Bachelor's,4,18,18.17,1,1,1,1,1,1,0,0,0,1
E00154,Uthkarsh Golla,29,1,Intern,Female,Finance,301470,3,50,Yes,No,32,2,Bachelor's,5,13,26.26,1,1,1,1,1,1,1,1,1,1
E00203,Mannat Raval,21,1,Intern,Female,Sales,344624,2,55,No,No,19,4,Diploma,3,7,9.8,0,0,1,1,0,0,1,0,1,1
E00232,Siya Aggarwal,24,1,Intern,Female,Sales,356901,1,50,Yes,No,10,1,Diploma,3,2,28,0,0,1,1,0,1,1,1,1,1
E00254,Nishith Kapadia,24,1,Intern,Female,Finance,485505,1,50,No,No,27,3,Bachelor's,2,13,16.2,1,1,1,1,1,0,1,1,1,0
E00256,Uthkarsh Jayaraman,25,1,Intern,Female,Marketing,498525,1,45,Yes,No,18,4,Master's,4,3,11.74,0,0,0,0,1,1,1,1,1,1
E00295,Indranil Bhatia,23,1,Intern,Female,IT,445195,5,55,Yes,No,10,5,Master's,5,16,33.49,0,1,0,1,1,1,1,1,0,0
E00358,Zoya Jhaveri,30,1,Intern,Female,IT,365858,5,45,Yes,No,13,5,Diploma,2,18,33.05,1,1,1,1,1,1,1,0,0,1
E00364,Aaryahi Mammen,23,1,Intern,Female,Marketing,342058,5,55,Yes,No,14,1,Bachelor's,2,0,26.31,0,0,1,0,1,1,1,1,0,1
E00370,Riya Divan,20,1,Intern,Female,HR,356027,4,50,Yes,No,13,5,Diploma,2,16,40.48,0,1,1,0,0,0,0,1,0,1
E00423,Shray Saini,20,1,Intern,Female,Marketing,392362,3,50,No,No,6,2,Master's,2,17,34.87,1,0,1,1,1,0,0,1,1,0
E00467,Taran Dhingra,23,1,Intern,Female,Finance,398176,5,55,No,No,6,4,Master's,4,14,26.55,1,0,0,0,0,0,0,1,0,0
E00472,Gokul Garde,28,1,Intern,Female,Finance,429228,2,40,No,No,30,3,Diploma,4,6,17.15,0,1,1,0,1,1,1,0,0,0
E00474,Siya Ramesh,21,1,Intern,Female,Sales,428856,4,45,No,No,5,5,Bachelor's,2,12,8.95,1,1,1,0,1,0,0,1,1,1
E00515,Kanav Sekhon,20,1,Intern,Female,Operations,360357,3,40,No,No,7,5,Master's,2,6,6.7,0,0,0,1,0,1,1,1,1,1
E00589,Kaira Ramesh,29,1,Intern,Female,Marketing,446241,4,40,Yes,No,29,4,Master's,4,15,48.09,0,0,0,0,1,0,0,1,1,0
E00633,Taimur Yogi,27,1,Intern,Female,Sales,310694,3,40,Yes,No,43,2,Bachelor's,2,19,45,1,1,1,1,1,1,1,1,0,0
E00639,Uthkarsh Shankar,23,1,Intern,Female,HR,335960,5,40,No,No,25,4,Bachelor's,3,14,45.74,1,1,1,0,1,0,0,1,0,0
E00663,Zaina Bassi,30,1,Intern,Female,Operations,408900,5,50,Yes,No,9,4,Bachelor's,1,11,48.43,0,0,1,0,0,1,1,1,1,1
E00734,Purab Arora,30,1,Intern,Female,IT,301218,2,55,No,No,46,2,Bachelor's,2,17,37.56,0,1,1,1,1,1,1,1,1,1
E00737,Krish Kade,28,1,Intern,Female,HR,499791,3,40,Yes,No,7,3,Bachelor's,1,3,36.52,0,1,1,0,0,1,1,1,0,1
E00739,Gatik Kumar,24,1,Intern,Female,Operations,393342,3,40,No,No,43,5,Diploma,4,4,30.79,0,1,0,0,1,1,1,1,1,1
E00743,Dhanush Mandal,24,1,Intern,Female,Sales,458283,5,40,No,No,40,4,Bachelor's,4,2,42.5,1,0,0,1,1,1,0,1,1,0
E00131,Rohan Johal,25,1,Intern,Female,Marketing,366095,5,50,No,No,21,1,Bachelor's,3,1,41.76,1,1,1,1,1,0,1,1,0,0
E00257,Zeeshan Seth,28,1,Intern,Female,Marketing,382407,1,40,No,No,19,3,Bachelor's,1,10,18.93,1,1,0,1,1,1,0,0,0,0
E00292,Seher Sood,26,1,Intern,Female,Sales,443413,3,40,No,No,28,3,Bachelor's,5,1,31.7,1,1,1,1,1,0,1,0,0,0
E00637,Indranil Garg,20,1,Intern,Female,Sales,355229,3,50,Yes,No,48,5,Bachelor's,5,11,9.86,1,1,0,0,0,1,1,1,0,1
E00416,Kaira Madan,21,1,Intern,Female,IT,374365,3,40,No,No,40,3,Diploma,3,1,40.78,1,0,1,0,1,1,1,1,1,1
E00608,Anay Sodhi,27,1,Intern,Female,Finance,407335,2,55,Yes,No,39,5,Master's,2,0,44.52,1,1,1,1,1,1,1,1,1,1
E00626,Ivan Aurora,21,1,Intern,Female,Sales,403903,1,40,No,No,20,4,Master's,1,3,47.74,0,0,1,0,0,0,0,1,1,0
E00140,Chirag Swamy,20,1,Intern,Female,Marketing,367871,3,55,No,No,8,4,Diploma,2,8,15.89,1,1,1,1,1,1,1,1,1,1
E00738,Jhanvi Bera,30,1,Intern,Female,Operations,321030,3,55,No,No,9,3,PhD,5,10,30.72,1,0,1,0,0,1,0,0,1,0
E00277,Fateh Deshmukh,30,1,Intern,Female,IT,494645,2,55,No,No,8,5,Diploma,3,20,32.45,1,0,0,0,1,1,0,1,1,1
E00427,Nehmat Gala,21,1,Intern,Female,HR,320752,3,40,No,No,17,2,Bachelor's,4,20,42.39,0,1,0,0,1,1,1,0,1,1
E00463,Ishaan Vig,27,1,Intern,Female,Finance,386455,2,45,Yes,No,11,5,Diploma,2,4,44.85,0,1,1,1,1,0,0,1,0,0
E00646,Rasha Sood,30,1,Intern,Female,Marketing,471338,1,55,No,No,20,1,Bachelor's,3,4,38.51,1,1,0,1,0,1,1,0,0,0
E00655,Indranil Mand,26,1,Intern,Female,Finance,361268,4,50,Yes,No,18,4,Diploma,2,3,36.14,1,1,1,1,1,1,0,0,1,1
E00727,Adira Cheema,29,1,Intern,Female,IT,450878,5,40,No,No,28,4,Diploma,5,7,33.89,0,1,1,0,0,1,0,1,0,0
E00158,Elakshi Kota,29,1,Intern,Female,Sales,359266,4,45,No,No,37,5,PhD,2,3,42.1,1,0,0,1,0,1,1,1,0,1
E00359,Amira Kannan,25,1,Intern,Female,Finance,421738,4,40,Yes,No,16,1,Bachelor's,4,19,29.26,0,0,0,1,0,1,1,1,1,1
E00189,Bhavin Badami,27,1,Intern,Female,HR,384162,2,55,Yes,No,28,3,Master's,3,5,17.9,0,0,0,0,1,1,0,0,1,0
E00217,Hunar Kala,24,1,Intern,Female,Sales,447595,2,45,No,No,45,2,PhD,3,12,41.06,0,0,1,0,1,1,1,1,1,0
E00107,Mishti Baria,25,1,Intern,Female,Marketing,488855,4,55,Yes,No,41,2,PhD,5,19,15.69,1,1,1,1,1,1,0,0,0,0
E00172,Yasmin Borde,30,1,Intern,Female,HR,471200,5,50,No,No,50,4,PhD,1,0,24.49,1,1,1,1,1,1,0,0,0,0
E00325,Lagan Raj,26,1,Intern,Female,Operations,385634,3,50,No,No,50,1,Diploma,5,12,43.47,0,0,1,0,0,0,0,1,0,0
E00521,Kimaya Borah,24,1,Intern,Female,Sales,305722,5,40,No,No,45,4,Diploma,1,1,6.04,0,1,1,0,1,1,1,1,1,1
E00571,Indrans Kuruvilla,27,1,Intern,Female,HR,450792,3,45,No,No,19,5,Diploma,4,9,41.87,1,1,1,1,1,0,0,1,1,0
E00709,Aradhya Dada,23,1,Intern,Female,Sales,322476,4,50,No,No,50,4,Master's,3,8,22.27,0,0,0,0,1,1,1,1,1,1
E00080,Nakul Singh,25,1,Intern,Female,Finance,379260,3,55,No,No,11,2,Diploma,5,18,44.44,0,1,0,1,1,1,0,0,0,0
E00221,Vritika Kapoor,30,1,Intern,Female,Marketing,455141,2,50,No,No,41,3,PhD,5,10,39.07,1,1,1,0,0,1,1,1,1,1
E00296,Vaibhav Iyer,25,1,Intern,Female,IT,472244,4,40,Yes,No,38,1,Bachelor's,5,8,11.74,0,1,1,1,1,1,1,1,1,1
E00369,Manjari Madan,30,1,Intern,Female,IT,400709,4,45,Yes,No,30,5,Bachelor's,1,16,20.55,0,0,0,1,0,0,0,0,0,1
E00366,Ayesha Choudhary,22,1,Intern,Female,HR,449244,2,45,No,No,6,3,Diploma,2,17,32.8,1,1,0,1,0,1,1,1,1,1
E00410,Biju Chawla,23,1,Intern,Female,Marketing,400251,5,55,No,No,26,1,Master's,2,11,10.95,1,1,1,0,1,1,1,1,1,1
E00193,Zoya Goda,28,1,Intern,Female,Operations,426140,3,45,Yes,No,47,4,Master's,2,20,48.57,1,0,0,1,1,1,1,1,1,1
E00273,Aarna Sastry,26,1,Intern,Female,Finance,301964,5,40,Yes,No,36,3,Master's,2,17,28.45,1,0,1,1,1,1,1,1,1,1
E00326,Vidur Badal,21,1,Intern,Female,Marketing,368031,2,55,No,No,17,2,Diploma,5,9,20.05,1,1,1,1,1,1,1,1,1,1
E00139,Zara Reddy,22,1,Intern,Female,Sales,424180,5,45,No,No,7,5,PhD,4,7,7.75,0,0,1,0,0,1,1,1,1,1
E00228,Aayush Thakur,29,1,Intern,Female,IT,310941,1,50,No,No,16,1,Master's,1,4,21.58,1,1,1,1,1,1,0,1,0,1
E00469,Kismat Kale,21,1,Intern,Female,Operations,411847,2,55,No,No,8,5,PhD,5,17,33.2,0,0,0,0,1,0,1,0,0,1
E00529,Prerak Chaudhuri,26,1,Intern,Female,Marketing,481265,4,45,No,No,27,3,Diploma,2,13,41.06,1,1,1,1,1,1,1,1,1,0
E00630,Jayan Bose,30,1,Intern,Female,Operations,397978,2,55,Yes,No,21,2,Bachelor's,5,17,39.13,1,1,0,1,1,1,0,0,0,0
E00662,Jivika Bala,30,1,Intern,Female,HR,480439,3,55,No,No,24,5,PhD,1,1,13.69,1,1,1,1,1,0,1,1,0,0
E00127,Ritvik Bhandari,22,1,Intern,Female,Finance,369790,3,45,No,No,36,3,Bachelor's,3,20,14.17,1,1,0,0,0,0,0,1,1,1
E00115,Siya Sarna,26,1,Intern,Female,IT,352034,4,50,Yes,No,12,5,Diploma,1,19,41.36,1,0,1,1,0,0,0,0,0,1
E00415,Ryan Anand,26,1,Intern,Female,Marketing,317424,5,55,No,No,30,5,Diploma,5,7,16.93,1,0,0,0,0,1,1,0,1,1
E00609,Sana Virk,21,1,Intern,Female,Marketing,465488,4,40,Yes,No,10,4,Diploma,3,4,8.59,0,1,1,1,0,1,0,1,1,0
E00297,Hiran Mammen,22,1,Intern,Female,Finance,477050,1,40,Yes,No,11,2,Bachelor's,2,14,45.81,0,1,1,0,0,0,1,1,1,0
E00300,Anvi Konda,21,1,Intern,Female,Finance,330771,4,50,No,No,50,2,PhD,5,6,33.84,1,1,0,1,1,1,1,1,1,1
E00394,Vardaniya Soman,24,1,Intern,Female,Operations,374167,1,40,No,No,44,5,PhD,3,19,13.63,1,1,1,0,1,1,0,0,0,0
E00446,Ishaan Shah,25,1,Intern,Female,IT,337523,4,45,No,No,9,2,Bachelor's,2,9,37.66,0,0,0,0,1,1,0,1,0,1
E00548,Samar Apte,24,1,Intern,Female,HR,379674,5,55,No,No,20,1,Diploma,5,10,23.78,1,0,1,0,0,0,0,1,1,0
E00558,Zain Chana,29,1,Intern,Female,Operations,478675,3,40,No,No,21,2,Master's,4,16,35.62,0,1,1,1,1,1,1,1,1,1
E00744,Mehul Karan,23,1,Intern,Female,Marketing,363361,4,50,Yes,No,35,3,PhD,4,7,40.93,1,1,1,1,1,0,0,1,0,0
E00152,Yasmin Chokshi,24,1,Intern,Female,Operations,419994,2,50,Yes,No,50,1,PhD,2,10,35.55,1,1,1,1,1,1,1,1,1,1
E00163,Onkar Ramachandran,29,1,Intern,Female,HR,421028,2,40,Yes,No,34,2,PhD,4,14,48.03,0,0,0,1,1,1,1,1,1,1
E00677,Nirvi Venkatesh,22,1,Intern,Female,Marketing,321642,2,45,Yes,No,10,5,Diploma,5,16,28.99,0,0,0,1,0,1,1,1,1,1
E00466,Jivika Brahmbhatt,29,1,Intern,Female,Finance,419739,2,55,Yes,No,21,1,Master's,3,17,32.97,1,0,0,1,0,0,0,1,0,1
E00561,Taimur Bava,28,1,Intern,Female,IT,366735,2,50,No,No,11,2,Master's,3,3,42.62,1,1,1,1,1,0,1,1,1,1
E00581,Mamooty Bumb,26,1,Intern,Female,Operations,370549,3,40,Yes,No,18,2,PhD,2,6,15.79,0,1,1,1,1,1,0,1,1,0
E00615,Tushar Gera,23,1,Intern,Female,Finance,409642,3,45,No,No,25,3,Diploma,5,10,26.66,1,0,1,1,1,1,0,0,0,0
E00294,Jiya Ratti,20,1,Intern,Female,HR,445407,1,50,No,No,13,5,PhD,1,8,12.1,0,1,0,0,0,0,1,0,0,1
E00642,Diya Dua,25,1,Intern,Female,Finance,397517,2,45,Yes,No,43,5,Diploma,4,10,38.6,1,0,0,0,1,1,0,1,0,0
E00350,Kanav Toor,27,1,Intern,Female,Operations,397964,2,40,No,No,15,1,Diploma,5,5,38.52,1,1,1,1,1,1,1,1,0,1
E00555,Yuvraj  Bala,22,1,Intern,Female,Operations,328935,2,50,No,No,24,2,Bachelor's,1,6,19.76,0,0,0,1,0,0,0,0,0,1
E00022,Nakul Suri,28,0,Intern,Female,Sales,466024,5,50,No,No,49,4,Diploma,3,5,49.88,0,0,0,1,0,0,0,1,1,0
E00135,Rati Kothari,20,0,Intern,Female,Operations,382068,5,50,Yes,No,19,1,Bachelor's,2,1,41.8,1,0,0,0,1,1,1,1,1,0
E00160,Hrishita Ramaswamy,30,0,Intern,Female,Sales,313911,1,55,No,No,40,5,Bachelor's,4,10,42.95,1,0,1,1,1,0,1,1,1,1
E00301,Bhamini Sachdev,21,0,Intern,Female,Sales,348006,5,55,Yes,No,15,1,Master's,3,20,45.98,1,0,1,1,1,1,0,1,1,1
E00405,Zoya Shan,25,0,Intern,Female,Marketing,377988,2,55,Yes,No,10,1,Diploma,1,17,19.41,0,1,1,1,1,0,0,0,0,1
E00498,Diya Wason,30,0,Intern,Female,HR,475906,2,50,Yes,No,10,2,Master's,1,13,28.58,0,0,1,1,0,1,1,0,1,0
E00617,Mohanlal Lad,28,0,Intern,Female,HR,484705,2,50,No,No,6,5,Bachelor's,3,6,35.22,0,1,0,1,0,0,1,1,1,1
E00746,Anay Kapoor,24,0,Intern,Female,Sales,460627,3,45,No,No,41,4,Diploma,4,17,24.72,1,1,1,1,1,1,1,0,1,0
E00243,Gokul Suri,20,0,Intern,Female,Finance,476298,1,50,Yes,No,7,3,Bachelor's,3,3,31.43,1,1,0,0,0,0,0,0,1,1
E00308,Piya Shanker,25,0,Intern,Female,Finance,497952,5,55,Yes,No,50,5,Bachelor's,1,8,13.58,1,1,0,1,1,0,0,0,0,1
E00313,Hridaan Sheth,21,0,Intern,Female,Sales,472681,2,40,Yes,No,44,3,Master's,5,7,22.07,1,0,1,1,1,1,1,0,0,0
E00494,Kaira Walla,24,0,Intern,Female,Marketing,342324,4,45,No,No,12,3,Diploma,3,15,11.97,1,1,0,1,0,0,1,1,0,1
E00550,Shayak Wali,29,0,Intern,Female,Operations,373247,4,45,No,No,14,1,Master's,2,4,22.47,0,0,0,1,0,1,1,1,1,0
E00121,Purab Ganesan,24,0,Intern,Female,Sales,411844,5,40,No,No,25,4,Master's,4,13,9.15,0,1,1,0,0,0,1,1,1,0
E00153,Ehsaan Chaudhary,20,0,Intern,Female,IT,329963,3,50,Yes,No,45,2,Bachelor's,3,12,44.79,1,0,1,1,1,0,0,1,0,1
E00205,Vedika Vala,29,0,Intern,Female,HR,397176,1,50,No,No,10,1,PhD,2,6,32.96,0,1,1,0,1,1,0,0,1,0
E00328,Tejas Balakrishnan,27,0,Intern,Female,Operations,308744,1,40,No,No,47,3,Master's,5,3,44.22,1,0,1,1,1,1,0,1,1,0
E00368,Adira Bera,27,0,Intern,Female,Marketing,415808,2,50,No,No,7,4,Master's,2,13,31.43,1,0,1,1,1,1,1,1,0,0
E00444,Riaan Sampath,20,0,Intern,Female,IT,359969,1,40,Yes,No,43,5,Bachelor's,4,1,14.13,0,0,0,0,1,0,1,0,0,0
E00551,Azad Jhaveri,21,0,Intern,Female,HR,456500,3,40,No,No,40,1,Diploma,4,13,24.63,1,0,0,0,0,0,1,0,0,0
E00582,Anahi Gopal,24,0,Intern,Female,HR,450408,4,55,No,No,44,4,Bachelor's,1,0,49.88,0,0,0,0,1,0,0,0,1,1
E00063,Damini Kaur,20,0,Intern,Female,Marketing,434267,1,45,Yes,No,23,5,PhD,4,3,14.54,0,0,0,0,1,1,0,1,1,1
E00077,Amira Shanker,24,0,Intern,Female,Operations,319223,4,45,No,No,14,3,Bachelor's,3,11,14.59,1,1,1,1,1,1,1,1,1,1
E00084,Siya Johal,29,0,Intern,Female,Operations,497076,5,45,No,No,24,3,Diploma,5,1,44.99,1,0,1,1,1,1,0,0,1,0
E00253,Navya Goel,21,0,Intern,Female,HR,421142,5,45,Yes,No,43,1,PhD,2,1,41.13,1,0,1,1,0,0,0,0,1,0
E00499,Kanav Butala,22,0,Intern,Female,IT,349687,1,50,Yes,No,22,3,Master's,5,11,18.42,0,0,0,1,0,1,0,1,1,0
E00538,Manjari Dar,24,0,Intern,Female,Marketing,358460,2,45,No,No,8,1,Bachelor's,2,11,7.36,1,1,1,0,1,0,0,1,0,0
E00044,Kanav Dara,21,0,Intern,Female,Operations,314911,4,45,No,No,42,4,Diploma,2,1,43.4,1,1,0,0,0,0,1,0,0,0
E00224,Saira Date,24,0,Intern,Female,Sales,362600,5,40,Yes,No,8,5,Master's,3,2,34.83,1,0,1,1,1,1,0,1,0,0
E00290,Hazel Ben,30,0,Intern,Female,Marketing,456579,5,55,No,No,39,2,Bachelor's,4,12,17.62,1,1,1,0,1,0,1,0,1,1
E00331,Trisha Vyas,26,0,Intern,Female,Operations,486689,5,50,No,No,30,5,PhD,4,5,40.16,0,1,1,1,1,1,1,1,1,1
E00143,Divyansh Hegde,27,0,Intern,Female,IT,376154,4,40,No,No,11,5,PhD,3,9,29.41,1,1,1,1,1,1,0,0,0,1
E00187,Ishaan Rege,22,0,Intern,Female,Operations,378723,2,50,Yes,No,44,2,Diploma,2,19,44.77,1,0,0,1,0,1,1,1,0,0
E00188,Nakul Dhar,29,0,Intern,Female,IT,423806,4,40,Yes,No,31,3,Diploma,2,0,16.18,0,0,1,1,0,0,1,0,1,1
E00319,Eshani Dugar,22,0,Intern,Female,IT,375136,5,45,No,No,24,5,PhD,1,15,5.05,0,0,1,1,0,1,0,1,0,1
E00534,Mohanlal Master,23,0,Intern,Female,Finance,458825,3,55,Yes,No,47,2,Bachelor's,4,0,7.32,0,1,0,0,0,1,0,0,1,0
E00695,Vanya Bhasin,23,0,Intern,Female,Operations,447293,4,55,Yes,No,9,5,Diploma,1,0,15.07,1,1,0,0,0,1,0,1,1,1
E00079,Inaaya  Dey,24,0,Intern,Female,Finance,307898,2,55,No,No,7,5,PhD,4,4,38.33,0,1,1,1,1,1,1,1,1,1
E00060,Darshit Choudhry,22,0,Intern,Female,Sales,461179,4,50,No,No,40,4,Diploma,3,11,39.61,0,0,0,0,1,0,1,0,0,0
E00171,Shalv Venkataraman,27,0,Intern,Female,Operations,354035,4,55,Yes,No,41,4,Diploma,4,13,44.26,1,1,1,0,1,1,1,1,0,0
E00475,Darshit Maharaj,21,0,Intern,Female,Sales,380561,3,50,Yes,No,35,4,Master's,3,19,46.41,1,1,0,1,1,1,0,1,1,1
E00017,Rhea Tella,22,1,Intern,Male,HR,361681,3,40,No,No,31,4,Diploma,2,17,31.58,0,0,1,0,0,1,1,1,1,1
E00032,Kabir Babu,26,1,Intern,Male,Sales,407180,4,40,No,No,34,4,Bachelor's,2,14,49.23,1,1,0,1,1,1,1,1,1,1
E00066,Sana Keer,20,1,Intern,Male,Finance,319114,1,55,Yes,No,49,5,Diploma,1,1,7.75,0,1,0,0,1,1,1,1,1,0
E00094,Jhanvi Ramakrishnan,25,1,Intern,Male,Marketing,413544,1,40,Yes,No,24,3,Bachelor's,2,13,42.17,0,0,0,0,1,1,1,0,0,1
E00174,Eva Krishnamurthy,29,1,Intern,Male,Finance,415902,5,55,No,No,14,2,Master's,1,16,10.92,1,0,0,0,1,1,0,0,0,0
E00220,Urvi Brahmbhatt,27,1,Intern,Male,Marketing,450535,4,55,Yes,No,23,3,Diploma,3,20,5.95,1,0,1,0,1,0,1,0,1,1
E00260,Kabir Sunder,23,1,Intern,Male,Finance,486770,2,50,Yes,No,10,4,Bachelor's,4,12,28.12,0,1,0,1,1,0,0,0,0,1
E00310,Farhan Rao,21,1,Intern,Male,Finance,408152,1,55,Yes,No,50,3,Diploma,4,10,32.13,1,0,1,1,1,0,0,0,0,1
E00361,Divyansh Thaker,30,1,Intern,Male,HR,302818,1,55,Yes,No,35,4,Bachelor's,3,20,12.47,0,0,1,0,0,1,1,1,1,0
E00365,Arnav Chana,25,1,Intern,Male,Finance,372712,4,45,Yes,No,50,4,Master's,4,15,30.09,0,0,1,1,0,1,1,1,0,0
E00395,Jiya Sinha,24,1,Intern,Male,Finance,359947,2,50,No,No,27,1,Bachelor's,2,0,16.13,1,1,0,0,0,0,0,0,1,0
E00454,Yuvaan Ghose,30,1,Intern,Male,HR,347778,5,55,Yes,No,37,1,Diploma,2,18,8.74,1,0,0,0,0,1,1,1,1,1
E00481,Sahil Dhar,29,1,Intern,Male,HR,399447,5,55,No,No,37,1,Diploma,2,16,7.05,0,1,1,1,1,1,1,1,1,1
E00492,Mishti Sarma,26,1,Intern,Male,Finance,380227,3,45,Yes,No,16,5,Bachelor's,3,8,49.36,0,0,0,1,0,0,0,0,1,0
E00502,Tanya Soman,22,1,Intern,Male,Finance,398158,2,55,No,No,27,1,Diploma,4,20,49.99,1,1,1,1,0,1,1,1,1,1
E00510,Jiya Bhatnagar,20,1,Intern,Male,Marketing,464242,5,55,Yes,No,7,3,Bachelor's,1,9,36.74,1,0,1,0,0,0,1,0,1,0
E00611,Lavanya Kashyap,21,1,Intern,Male,Sales,431878,3,45,No,No,18,4,Bachelor's,2,9,26.06,0,1,1,1,1,1,1,0,0,0
E00691,Tara Bora,28,1,Intern,Male,Operations,376739,5,45,Yes,No,49,3,Bachelor's,5,17,34.88,1,0,1,1,1,0,1,0,0,0
E00715,Krish Seshadri,25,1,Intern,Male,HR,358883,3,55,Yes,No,19,5,Bachelor's,5,17,44.69,0,0,0,0,1,0,0,1,0,0
E00721,Dhanush Shanker,29,1,Intern,Male,Operations,337270,5,55,No,No,37,2,Bachelor's,1,2,7.8,1,1,1,0,1,1,1,1,1,1
E00227,Shray Ghosh,20,1,Intern,Male,Operations,458807,1,50,Yes,No,23,2,PhD,5,13,22.3,0,1,0,0,0,1,1,1,1,1
E00272,Inaaya  Ramanathan,26,1,Intern,Male,Sales,468359,1,40,Yes,No,24,2,Diploma,1,16,11.55,1,1,1,0,1,1,0,1,1,1
E00512,Vivaan Khalsa,25,1,Intern,Male,Sales,365292,4,45,No,No,21,2,Bachelor's,4,9,43.4,1,0,1,1,0,1,1,1,0,1
E00725,Mehul Comar,21,1,Intern,Male,Finance,325066,3,40,Yes,No,18,3,PhD,2,14,16.45,0,0,1,1,0,0,0,0,1,1
E00027,Renee Bhatia,21,1,Intern,Male,Operations,357208,5,55,No,No,30,2,Diploma,4,20,21.42,1,1,0,1,1,1,1,1,1,1
E00064,Kimaya Bedi,29,1,Intern,Male,Sales,497343,5,40,Yes,No,10,4,Bachelor's,4,0,35.09,1,1,1,1,0,1,1,0,1,1
E00148,Farhan Balay,26,1,Intern,Male,HR,413998,4,50,No,No,24,3,Bachelor's,2,18,42.49,1,1,1,1,1,0,0,0,0,1
E00262,Yashvi Sarna,30,1,Intern,Male,Marketing,365041,4,50,Yes,No,19,5,Diploma,2,2,20.46,1,0,0,0,0,1,0,1,1,1
E00401,Eshani Raju,24,1,Intern,Male,Marketing,305284,4,50,No,No,17,3,Master's,1,15,36.87,0,1,0,0,0,0,0,1,0,0
E00684,Piya Agate,24,1,Intern,Male,Marketing,468716,5,50,Yes,No,17,5,Master's,3,15,5.12,1,1,0,0,1,1,0,1,1,1
E00573,Shayak Brar,22,1,Intern,Male,Marketing,301114,3,50,No,No,20,5,Master's,4,18,10.75,0,0,0,1,0,1,0,0,0,0
E00042,Dharmajan Gaba,28,1,Intern,Male,IT,309883,2,50,Yes,No,22,5,Diploma,4,0,45.28,0,1,0,0,1,1,1,1,1,1
E00096,Sahil Toor,22,1,Intern,Male,Sales,307143,2,50,No,No,35,4,Master's,1,7,46.01,1,1,1,1,1,1,1,1,0,1
E00696,Sumer Krishna,21,1,Intern,Male,Operations,309505,3,45,No,No,42,3,Diploma,5,2,29.78,1,1,0,0,0,1,1,1,0,1
E00202,Manjari Sarma,26,1,Intern,Male,Marketing,421305,4,40,No,No,50,3,Bachelor's,2,4,8.95,1,0,0,1,0,1,1,1,1,0
E00267,Anya Shroff,28,1,Intern,Male,HR,465066,5,40,No,No,43,4,Bachelor's,4,19,19.55,1,0,0,1,1,1,1,1,1,1
E00460,Veer Tiwari,21,1,Intern,Male,Sales,464991,1,55,Yes,No,48,5,Bachelor's,5,17,42.92,1,1,1,1,1,1,1,1,1,1
E00007,Miraya Sura,24,1,Intern,Male,Finance,415307,5,55,Yes,No,33,5,Bachelor's,3,15,26.58,1,0,0,0,0,0,0,0,1,0
E00050,Rasha Choudhary,20,1,Intern,Male,IT,439025,3,40,Yes,No,40,5,Diploma,5,15,13.36,1,0,1,0,1,0,1,1,1,1
E00304,Misha Chokshi,20,1,Intern,Male,IT,478723,1,40,No,No,18,3,Diploma,5,14,35.87,1,1,0,0,1,0,1,0,1,0
E00081,Sumer Ramaswamy,28,1,Intern,Male,Finance,416108,5,45,Yes,No,11,5,Diploma,4,8,5.37,0,0,0,0,1,1,1,1,1,1
E00505,Aayush Singh,28,1,Intern,Male,Sales,320807,4,45,Yes,No,14,4,Master's,3,10,9.57,1,0,0,1,1,1,0,1,0,0
E00542,Inaaya  Barman,27,1,Intern,Male,Sales,330729,5,40,Yes,No,15,4,Bachelor's,1,14,7.59,0,0,0,1,0,1,0,0,0,0
E00337,Arnav Bains,28,1,Intern,Male,Operations,316570,1,50,No,No,47,2,PhD,3,6,12.47,1,1,0,1,0,0,0,0,0,1
E00483,Pranay Luthra,29,1,Intern,Male,Marketing,491484,1,50,No,No,44,3,Diploma,5,7,13.09,1,1,1,1,1,1,1,0,1,1
E00572,Armaan Acharya,21,1,Intern,Male,Sales,387781,3,55,No,No,37,4,Master's,3,19,43.24,0,1,1,1,1,0,1,1,0,1
E00649,Uthkarsh Basak,25,1,Intern,Male,Marketing,411970,1,45,Yes,No,47,2,PhD,5,14,39.57,1,1,1,1,1,1,1,1,1,1
E00151,Onkar Chawla,29,1,Intern,Male,Sales,396709,1,50,Yes,No,27,1,PhD,3,14,19.8,0,1,0,1,1,1,1,1,1,1
E00197,Akarsh Babu,25,1,Intern,Male,Finance,343231,4,50,Yes,No,30,5,PhD,3,9,26.42,1,0,1,1,0,0,1,1,0,1
E00281,Sumer Dhar,23,1,Intern,Male,HR,477134,5,55,No,No,34,1,Bachelor's,5,15,40.82,0,0,0,0,1,0,1,1,0,1
E00683,Vanya Garg,22,1,Intern,Male,Sales,331641,3,55,No,No,50,5,Diploma,2,17,23.98,1,0,1,1,1,1,0,1,1,0
E00447,Shayak Deshmukh,30,1,Intern,Male,Finance,432571,1,55,Yes,No,18,1,Master's,2,4,32.6,1,1,1,1,1,1,1,0,1,1
E00537,Kartik Sabharwal,25,1,Intern,Male,HR,436699,3,50,Yes,No,17,2,Master's,3,14,18.83,1,1,1,0,1,1,1,1,0,0
E00686,Raghav Chowdhury,22,1,Intern,Male,HR,430995,5,45,No,No,17,4,Diploma,1,1,12.54,0,0,0,1,1,0,0,1,0,0
E00553,Baiju Rama,26,1,Intern,Male,Operations,391061,5,40,No,No,16,1,Bachelor's,3,3,44.77,0,1,0,0,0,0,0,1,0,0
E00672,Anvi Hegde,30,1,Intern,Male,IT,377351,5,55,Yes,No,16,2,Master's,3,20,48.83,0,1,0,0,0,1,1,1,1,0
E00723,Elakshi Yadav,20,1,Intern,Male,Marketing,400942,4,50,No,No,36,2,PhD,5,3,19.54,1,1,0,0,1,1,0,1,1,1
E00176,Siya Kala,21,1,Intern,Male,Marketing,364134,4,45,Yes,No,44,5,Bachelor's,3,8,38.75,1,1,1,1,1,0,0,1,0,0
E00604,Miraan Devi,30,1,Intern,Male,Marketing,359341,3,50,Yes,No,34,4,Master's,3,3,36.5,0,1,1,1,1,0,1,0,0,0
E00620,Ritvik Gupta,22,1,Intern,Male,Marketing,304169,1,40,No,No,5,1,Master's,2,12,13.19,1,1,1,1,1,0,0,1,1,0
E00100,Yakshit Sane,20,1,Intern,Male,Operations,372523,3,45,Yes,No,45,4,PhD,2,18,10.58,1,0,0,0,1,1,0,1,0,1
E00732,Kimaya Kuruvilla,30,1,Intern,Male,Marketing,382822,3,55,Yes,No,16,1,Bachelor's,1,12,46.09,1,0,1,1,1,1,0,0,0,1
E00509,Keya Kaul,28,1,Intern,Male,Marketing,336671,1,40,No,No,20,3,Master's,4,4,32.35,1,1,1,1,1,1,1,1,1,1
E00640,Miraan Wable,30,1,Intern,Male,HR,499608,5,55,Yes,No,6,4,Master's,5,7,5.34,0,1,0,0,0,0,0,1,1,1
E00190,Zeeshan Bobal,21,1,Intern,Male,HR,397956,1,45,No,No,46,5,Diploma,4,3,34.71,1,1,1,0,0,1,1,0,1,1
E00249,Dhanuk Sarna,22,1,Intern,Male,HR,470901,1,45,Yes,No,32,5,PhD,3,13,32.41,0,1,1,1,0,1,0,1,1,1
E00667,Ishita Roy,26,1,Intern,Male,Operations,459501,3,55,No,No,32,3,Bachelor's,1,7,9.25,1,1,1,1,1,1,0,1,0,1
E00330,Manjari Bassi,21,1,Intern,Male,Operations,437251,4,50,Yes,No,13,2,Diploma,5,9,6.74,1,1,0,0,0,1,1,1,1,1
E00407,Pranay Biswas,27,1,Intern,Male,Sales,323896,5,40,No,No,22,3,Master's,3,9,40.68,1,1,1,1,1,0,1,0,1,0
E00327,Myra Basak,27,1,Intern,Male,Operations,487253,4,45,No,No,31,4,Diploma,1,15,13.53,1,1,1,1,1,1,0,0,1,0
E00496,Dhanuk Mangat,28,1,Intern,Male,Marketing,386751,4,55,Yes,No,19,2,Bachelor's,1,10,14.47,1,1,1,1,1,1,0,0,1,1
E00183,Shamik Bali,30,1,Intern,Male,HR,385855,1,40,Yes,No,15,4,PhD,3,3,20.33,1,0,0,1,0,1,1,1,1,0
E00287,Zeeshan Vasa,29,1,Intern,Male,HR,407637,3,40,Yes,No,5,4,Diploma,5,12,30.43,0,1,0,0,0,0,1,1,1,0
E00003,Yuvaan Srinivasan,21,1,Intern,Male,Marketing,414577,4,50,No,No,9,4,PhD,3,17,19.93,1,1,1,1,0,1,1,0,0,0
E00387,Reyansh Manne,20,1,Intern,Male,Marketing,419825,5,45,No,No,35,2,Master's,2,20,46.8,1,0,1,0,1,1,1,1,0,1
E00134,Gatik Khatri,29,0,Intern,Male,Marketing,367798,1,50,No,No,17,4,Master's,2,6,21.26,0,1,1,1,1,1,1,1,1,0
E00341,Pihu Choudhry,29,0,Intern,Male,Marketing,462962,1,40,Yes,No,48,2,Diploma,1,7,31.3,1,1,1,1,1,1,1,0,0,1
E00357,Samaira Kanda,27,0,Intern,Male,HR,350284,2,45,No,No,38,4,Bachelor's,4,10,12.67,1,1,1,1,1,1,1,1,1,1
E00568,Aniruddh Sabharwal,21,0,Intern,Male,Marketing,337927,1,45,No,No,25,1,Diploma,3,2,33.78,0,0,0,0,1,1,0,1,1,1
E00590,Vanya Bose,24,0,Intern,Male,Operations,413717,5,45,No,No,25,1,Bachelor's,3,14,10.22,0,1,1,1,0,0,0,1,0,1
E00631,Ivan Comar,24,0,Intern,Male,Operations,452905,4,45,Yes,No,8,1,Master's,1,4,47.54,1,1,1,1,0,0,0,0,0,1
E00716,Jayesh Bhalla,20,0,Intern,Male,IT,493047,5,50,Yes,No,30,2,Bachelor's,3,15,39.43,0,0,0,0,1,1,1,1,1,0
E00067,Rasha Samra,20,0,Intern,Male,IT,419356,1,40,No,No,19,3,Master's,3,10,6.06,0,0,0,0,1,1,0,0,0,0
E00073,Jiya Vohra,21,0,Intern,Male,IT,376757,3,45,Yes,No,12,2,Master's,2,18,41.02,1,1,1,1,1,1,1,0,1,0
E00149,Eshani Kara,24,0,Intern,Male,IT,404049,1,55,No,No,17,5,Bachelor's,1,18,30.57,0,0,1,0,1,1,0,1,0,1
E00459,Tarini Lalla,21,0,Intern,Male,Operations,405533,2,40,Yes,No,39,2,Master's,5,16,26.03,1,0,1,1,1,1,0,0,0,1
E00545,Jiya Kara,23,0,Intern,Male,Marketing,376695,5,50,No,No,35,5,Bachelor's,4,19,10.4,0,0,1,0,0,1,1,1,1,1
E00046,Renee Choudhary,24,0,Intern,Male,Sales,329389,2,40,Yes,No,18,4,Diploma,3,9,48.27,0,0,1,1,1,1,1,0,0,0
E00085,Aarav Rajan,22,0,Intern,Male,Marketing,320206,2,40,No,No,13,2,Bachelor's,5,11,22.16,0,0,1,0,0,0,1,0,1,1
E00119,Uthkarsh Raj,21,0,Intern,Male,HR,325385,1,50,No,No,41,2,Master's,5,7,9.66,1,1,0,1,1,1,1,0,1,1
E00150,Fateh Kothari,21,0,Intern,Male,IT,479326,4,40,Yes,No,37,1,PhD,4,8,15.65,1,1,1,1,1,1,1,1,1,1
E00165,Saanvi Sastry,24,0,Intern,Male,HR,442579,1,45,Yes,No,17,1,Diploma,4,20,34.15,1,1,1,1,1,0,1,0,1,1
E00375,Jayant Sha,21,0,Intern,Male,Marketing,302165,3,55,No,No,29,5,Bachelor's,1,2,47.52,1,1,1,1,1,1,1,1,1,0
E00430,Tara Bail,23,0,Intern,Male,Finance,385229,3,50,No,No,43,3,Master's,3,15,40.21,1,1,1,0,1,1,1,1,1,1
E00482,Aaryahi Sood,27,0,Intern,Male,Operations,322461,2,50,No,No,43,3,PhD,2,7,35.63,1,1,1,1,1,1,0,1,1,1
E00668,Anika Deo,24,0,Intern,Male,Operations,468432,5,40,Yes,No,12,2,Diploma,4,0,33.91,1,1,1,1,1,1,1,1,1,1
E00675,Ritvik Bobal,28,0,Intern,Male,Operations,429407,5,55,Yes,No,39,2,Bachelor's,1,13,6.87,0,1,1,1,0,1,0,1,1,1
E00690,Seher Gour,28,0,Intern,Male,IT,350614,1,45,Yes,No,44,1,PhD,5,4,36.97,1,1,1,1,0,1,0,1,0,0
E00019,Nirvaan Sethi,28,0,Intern,Male,HR,344904,3,40,No,No,48,3,Diploma,1,18,8.32,0,1,1,1,0,1,0,1,0,0
E00092,Pranay Sarna,25,0,Intern,Male,Operations,303412,2,40,No,No,42,4,Master's,4,16,23.32,0,0,0,1,0,0,0,1,0,1
E00429,Prerak Loke,27,0,Intern,Male,IT,351343,2,55,Yes,No,24,1,Bachelor's,3,14,15.06,1,1,0,0,1,1,1,1,1,1
E00445,Amira Dalal,23,0,Intern,Male,Marketing,443994,5,45,No,No,11,1,Master's,5,1,9.69,1,0,1,1,1,0,1,1,0,0
E00599,Mamooty Hora,24,0,Intern,Male,HR,419558,2,50,Yes,No,49,4,Bachelor's,1,3,36.4,1,1,1,1,0,1,1,1,0,1
E00200,Kartik Handa,26,0,Intern,Male,Marketing,472649,3,45,No,No,31,4,Diploma,5,12,29.48,1,0,1,1,0,1,1,1,1,1
E00279,Eshani Walia,25,0,Intern,Male,Operations,329332,3,45,Yes,No,18,3,Diploma,3,17,40.54,1,1,0,1,1,1,1,1,1,1
E00470,Aarav Subramaniam,27,0,Intern,Male,Finance,370887,1,50,No,No,47,2,PhD,4,17,37.66,0,0,1,1,0,1,0,0,0,0
E00113,Pihu Dayal,20,0,Intern,Male,HR,425742,2,45,Yes,No,11,5,Bachelor's,4,5,5.46,0,0,0,0,1,1,1,0,1,1
E00583,Veer Mandal,28,0,Intern,Male,Marketing,300834,2,40,Yes,No,21,2,Bachelor's,4,10,19.34,0,1,1,1,1,0,0,0,1,0
E00261,Raghav Bhalla,22,0,Intern,Male,IT,487569,2,50,Yes,No,38,1,PhD,3,6,6.14,1,1,0,0,1,0,1,0,0,1
E00384,Chirag Lad,29,0,Intern,Male,Operations,399931,2,55,Yes,No,34,3,Diploma,3,1,6.51,1,0,1,0,0,0,1,0,0,0
E00181,Seher Chand,25,0,Intern,Male,Sales,328987,5,55,No,No,16,4,Bachelor's,3,9,46.45,1,1,1,0,1,1,1,1,0,1
E00306,Aayush Vaidya,24,0,Intern,Male,Finance,361404,5,50,Yes,No,31,4,Bachelor's,4,5,12.83,1,1,0,1,1,0,1,0,0,0
E00367,Ranbir Goda,22,0,Intern,Male,HR,367268,4,40,No,No,43,5,PhD,4,17,29,1,0,0,1,1,1,0,0,1,1
E00409,Vedika Dhingra,24,0,Intern,Male,HR,313443,4,40,Yes,No,12,2,Diploma,2,11,7.41,0,0,0,0,1,1,0,0,0,0
E00563,Jayesh Jaggi,50,34,IT Support Specialist,F,IT,4449641,3,40,No,Yes,28,1,PhD,1,7,24.42,1,1,1,1,1,1,1,0,0,0
E00344,Mahika Wagle,40,15,IT Support Specialist,Female,IT,9216903,4,40,Yes,No,17,5,Bachelor's,4,7,47.02,1,0,0,0,1,0,0,0,1,0
E00503,Manjari Gade,36,10,IT Support Specialist,Female,IT,2442936,3,55,No,Yes,46,1,Master's,3,14,20.71,1,1,1,1,1,1,1,1,0,1
E00025,Diya Konda,34,9,IT Support Specialist,Female,IT,2930691,3,55,Yes,Yes,20,3,Bachelor's,1,18,28.3,1,1,1,1,1,0,0,0,1,0
E00167,Ela Vig,31,9,IT Support Specialist,Female,IT,2463225,2,55,No,No,38,3,Master's,5,3,23.74,0,0,1,0,1,1,1,0,1,1
E00033,Anika Banerjee,29,5,IT Support Specialist,Female,IT,1548271,3,40,No,No,11,1,PhD,5,16,44.38,0,0,1,0,1,1,1,0,1,1
E00567,Vritika Srinivasan,46,5,IT Support Specialist,Female,IT,1382310,2,45,No,No,50,5,Bachelor's,5,4,27.52,0,1,0,1,0,1,1,1,0,0
E00289,Kaira Lal,28,3,IT Support Specialist,Female,IT,1271457,3,45,Yes,No,20,3,Diploma,1,0,39.71,0,1,1,1,1,1,1,1,1,1
E00371,Drishya Ramakrishnan,50,3,IT Support Specialist,Female,IT,1308002,2,40,No,No,8,4,PhD,1,9,40.9,1,1,1,1,1,0,1,0,1,0
E00108,Raghav Kara,44,19,IT Support Specialist,M,IT,5466317,1,40,No,No,16,2,PhD,4,0,18.76,1,1,1,1,1,1,0,1,0,0
E00520,Yuvraj  Sampath,50,13,IT Support Specialist,Male,IT,8703149,1,55,No,Yes,11,1,Bachelor's,3,19,42.93,0,1,1,0,1,1,1,0,0,1
E00489,Jhanvi Jha,34,11,IT Support Specialist,Male,IT,4923631,3,40,Yes,No,13,1,Bachelor's,1,16,13.94,0,1,1,1,0,1,1,1,1,1
E00556,Sumer Ramakrishnan,35,7,IT Support Specialist,Male,IT,2742725,1,40,Yes,No,44,2,PhD,2,3,22.38,1,1,1,0,0,1,1,1,1,0
E00418,Sumer Apte,49,4,IT Support Specialist,Male,IT,1147735,3,50,Yes,No,19,2,Diploma,5,18,11.45,0,1,0,1,0,0,0,1,1,0
E00439,Kismat Ben,50,27,Logistics Coordinator,F,Operations,3838741,2,50,Yes,No,6,4,PhD,2,17,17.63,1,0,1,1,1,0,0,1,0,0
E00239,Riaan Divan,50,26,Logistics Coordinator,F,Operations,9542566,3,55,No,No,21,5,Diploma,1,12,14.22,1,1,1,1,1,0,0,1,0,0
E00284,Ryan Loke,50,26,Logistics Coordinator,F,Operations,8624042,1,50,No,No,29,4,Diploma,3,9,8.93,1,0,1,0,1,0,0,1,0,0
E00333,Mohanlal Sarin,50,26,Logistics Coordinator,F,Operations,6675753,5,55,Yes,Yes,18,4,PhD,5,1,42.07,1,1,1,0,1,1,1,0,1,0
E00285,Fateh Lanka,50,19,Logistics Coordinator,F,Operations,3799663,3,50,No,No,7,1,Master's,2,0,34.42,1,1,1,0,1,0,1,1,1,0
E00507,Veer Kamdar,50,19,Logistics Coordinator,F,Operations,8783095,3,50,No,Yes,27,4,PhD,1,15,8.4,0,1,0,0,0,0,1,0,1,0
E00736,Vaibhav Chawla,41,18,Logistics Coordinator,F,Operations,5434454,4,45,No,Yes,21,5,Master's,1,1,29.74,0,1,0,1,1,1,1,0,0,1
E00293,Riaan Kant,50,13,Logistics Coordinator,Female,Operations,4294132,1,50,No,No,6,2,Diploma,1,7,30.32,0,1,1,1,1,1,0,1,1,1
E00665,Arnav Khatri,47,12,Logistics Coordinator,Female,Operations,4968422,2,40,Yes,No,50,3,PhD,4,11,10.44,0,0,1,1,0,1,1,1,1,1
E00168,Chirag Chowdhury,40,11,Logistics Coordinator,Female,Operations,3964507,5,55,No,Yes,44,1,PhD,5,2,23.23,0,0,0,1,0,1,1,1,0,1
E00523,Ishaan Bhatnagar,46,11,Logistics Coordinator,Female,Operations,5054310,2,55,No,Yes,29,5,Diploma,3,17,7.33,0,0,1,0,0,0,0,0,0,1
E00400,Mannat Thaman,50,9,Logistics Coordinator,Female,Operations,2116280,5,50,No,Yes,10,2,Master's,5,15,23.11,0,0,1,1,0,1,1,1,1,1
E00658,Ela Jayaraman,47,8,Logistics Coordinator,Female,Operations,2131473,4,40,No,No,47,2,Diploma,1,5,43.78,1,1,1,1,1,1,1,0,0,1
E00674,Anya Contractor,50,8,Logistics Coordinator,Female,Operations,2720431,4,50,No,Yes,17,5,PhD,1,19,27.55,1,1,1,1,1,1,1,1,1,1
E00069,Ishaan Garg,50,7,Logistics Coordinator,Female,Operations,2095700,2,50,No,Yes,35,2,PhD,3,6,21.06,1,1,0,0,1,1,0,1,0,1
E00535,Nayantara Kunda,30,6,Logistics Coordinator,Female,Operations,2313356,2,45,No,Yes,50,5,Bachelor's,1,13,33.19,1,1,1,0,1,1,1,1,1,1
E00749,Ojas Khare,50,2,Logistics Coordinator,Female,Operations,729583,1,40,No,No,12,4,PhD,5,15,5.84,0,0,1,0,1,1,0,0,1,0
E00438,Saanvi Baral,50,1,Logistics Coordinator,Female,Operations,796699,3,55,No,Yes,16,1,Bachelor's,3,18,43.66,0,0,0,1,1,1,1,0,0,0
E00681,Riya Sant,23,1,Logistics Coordinator,Female,Operations,621852,3,40,Yes,Yes,48,2,Diploma,2,1,20.52,1,1,1,1,1,1,0,0,0,0
E00457,Pihu Sangha,50,29,Logistics Coordinator,M,Operations,5296961,3,50,No,Yes,35,1,Diploma,4,0,7.02,1,0,0,0,1,1,1,1,1,1
E00528,Dhanush Mammen,50,29,Logistics Coordinator,M,Operations,6957529,2,45,No,No,29,2,Diploma,4,17,9.59,0,0,1,0,0,0,0,0,1,1
E00700,Tiya Sinha,50,29,Logistics Coordinator,M,Operations,5974776,5,55,Yes,Yes,24,5,Bachelor's,3,16,28.56,1,0,0,0,1,1,1,1,1,1
E00719,Aayush Halder,50,28,Logistics Coordinator,M,Operations,4320170,2,40,Yes,No,28,4,Diploma,5,6,29.08,1,1,0,1,0,0,1,0,0,1
E00419,Mishti Balasubramanian,50,22,Logistics Coordinator,M,Operations,8778425,1,40,No,No,30,5,Diploma,3,0,15.3,1,1,1,1,1,0,0,0,0,1
E00278,Aarav Dave,44,20,Logistics Coordinator,M,Operations,7564586,5,50,Yes,Yes,30,4,Diploma,2,4,46.68,1,0,1,1,1,0,1,0,1,1
E00354,Riya Dar,50,20,Logistics Coordinator,M,Operations,4311547,3,50,Yes,Yes,34,3,PhD,2,15,49.05,1,1,1,1,1,0,1,0,0,0
E00013,Ishita Khare,50,17,Logistics Coordinator,M,Operations,8507674,2,50,Yes,No,39,3,Bachelor's,4,6,44.21,1,1,1,1,1,1,1,1,0,1
E00465,Keya Tandon,41,16,Logistics Coordinator,Male,Operations,9581120,3,50,No,No,26,5,Diploma,2,20,31.35,0,0,1,1,0,0,1,0,1,0
E00437,Shanaya Subramaniam,44,13,Logistics Coordinator,Male,Operations,4442852,5,45,Yes,No,30,3,Master's,2,0,49.54,1,1,1,1,1,1,0,1,1,1
E00218,Dharmajan Ben,43,10,Logistics Coordinator,Male,Operations,2766420,1,45,No,No,50,5,Master's,3,12,43.94,0,0,0,1,0,1,1,0,1,0
E00211,Amani Gokhale,50,9,Logistics Coordinator,Male,Operations,2379659,5,45,No,No,38,1,Diploma,2,8,26.92,0,0,1,1,0,0,0,0,0,1
E00601,Kavya Banerjee,38,9,Logistics Coordinator,Male,Operations,2140714,5,55,Yes,Yes,22,3,PhD,2,16,21.8,1,1,0,1,1,1,0,1,1,1
E00136,Armaan Dora,50,6,Logistics Coordinator,Male,Operations,2694367,2,55,Yes,Yes,43,3,Diploma,4,15,23.65,0,1,1,1,1,0,0,1,1,1
E00628,Dhanuk Rege,29,6,Logistics Coordinator,Male,Operations,2116015,1,55,No,Yes,47,3,Bachelor's,3,18,17.05,1,1,1,1,1,1,0,0,0,0
E00343,Kartik Gara,35,5,Logistics Coordinator,Male,Operations,1338425,3,50,No,Yes,23,5,Diploma,3,7,44.3,1,0,1,1,1,1,1,0,1,1
E00557,Pari Dubey,49,4,Logistics Coordinator,Male,Operations,1670504,4,50,Yes,Yes,47,4,Diploma,4,0,40.37,1,0,0,1,1,1,1,1,0,1
E00045,Sana Deshmukh,30,2,Logistics Coordinator,Male,Operations,848948,2,55,Yes,Yes,47,2,Bachelor's,1,5,23.93,0,1,1,0,1,1,0,1,0,1
E00054,Vihaan Bath,44,2,Logistics Coordinator,Male,Operations,628589,5,50,No,Yes,30,1,Bachelor's,1,19,6.94,0,0,1,0,0,0,0,0,1,0
E00345,Yashvi Dutta,27,1,Logistics Coordinator,Male,Operations,801145,2,50,Yes,No,36,5,Bachelor's,2,15,42.16,0,0,1,0,1,1,1,1,1,1
E00432,Aarav Krishna,45,1,Logistics Coordinator,Male,Operations,728656,2,40,Yes,Yes,15,1,Master's,2,20,10.6,1,0,0,0,1,1,1,1,1,0
E00030,Samar Mani,50,31,Marketing Coordinator,F,Marketing,9044810,5,50,Yes,No,28,1,Master's,2,6,28.18,1,1,0,1,0,1,1,1,1,1
E00532,Indrans Shukla,50,30,Marketing Coordinator,F,Marketing,6435428,5,45,Yes,No,38,1,Master's,5,16,41.07,1,1,1,1,1,0,0,1,0,0
E00036,Rati Thakkar,50,18,Marketing Coordinator,F,Marketing,7118041,1,55,No,Yes,26,3,Master's,5,0,18.16,0,1,1,1,1,1,1,1,1,1
E00049,Divyansh Srinivas,50,15,Marketing Coordinator,Female,Marketing,8884577,1,50,Yes,No,50,4,Bachelor's,2,1,22.01,0,0,0,1,0,0,0,1,1,1
E00223,Charvi Venkatesh,40,15,Marketing Coordinator,Female,Marketing,9920797,3,45,Yes,No,9,5,Diploma,5,7,11.08,1,1,1,0,0,0,1,0,1,0
E00552,Rasha Dugal,36,10,Marketing Coordinator,Female,Marketing,2739564,3,45,Yes,No,22,2,PhD,2,15,43.23,1,1,1,1,1,0,0,0,0,1
E00710,Ela Sani,50,10,Marketing Coordinator,Female,Marketing,2574921,1,55,No,No,44,3,PhD,3,11,40.47,0,1,1,1,1,1,0,0,0,0
E00388,Hiran Tailor,50,8,Marketing Coordinator,Female,Marketing,2957866,1,45,No,No,8,3,Diploma,1,20,18.3,0,0,0,0,1,1,0,0,1,1
E00265,Amani Garde,28,5,Marketing Coordinator,Female,Marketing,1373002,3,50,No,Yes,15,2,PhD,2,5,13.66,1,1,1,1,1,1,0,1,1,0
E00422,Darshit Tara,35,2,Marketing Coordinator,Female,Marketing,691646,3,40,Yes,Yes,36,5,Bachelor's,1,11,28.22,1,0,1,0,1,1,0,0,0,1
E00618,Kiaan Vyas,50,2,Marketing Coordinator,Female,Marketing,912867,2,50,No,No,26,5,PhD,2,8,25.89,1,0,0,1,1,0,0,0,0,1
E00051,Kaira Ravel,50,26,Marketing Coordinator,M,Marketing,6580475,5,45,No,Yes,6,3,Bachelor's,2,10,44.91,1,1,0,1,1,1,0,1,1,1
E00425,Alia Kalla,50,24,Marketing Coordinator,M,Marketing,7870735,3,40,Yes,Yes,17,5,Diploma,5,9,13.87,0,0,0,1,0,1,1,0,1,1
E00504,Ryan Aurora,50,18,Marketing Coordinator,M,Marketing,7997786,1,40,Yes,Yes,5,3,Master's,2,10,9.52,0,0,0,0,1,0,1,0,0,0
E00307,Piya Verma,40,11,Marketing Coordinator,Male,Marketing,5276124,4,45,No,Yes,17,2,PhD,4,14,40.71,0,1,0,0,0,1,1,1,1,1
E00229,Tejas Banik,50,10,Marketing Coordinator,Male,Marketing,2009601,2,45,No,Yes,22,1,Diploma,1,20,40.02,0,0,0,1,0,1,1,1,1,1
E00559,Amani Suresh,33,10,Marketing Coordinator,Male,Marketing,2025019,5,55,Yes,No,6,1,Diploma,2,3,14.67,0,0,0,0,1,1,0,1,1,1
E00380,Neelofar Deshpande,48,9,Marketing Coordinator,Male,Marketing,2919180,2,45,No,Yes,38,4,Bachelor's,5,8,49.27,0,1,0,1,1,1,1,1,1,1
E00178,Anya Uppal,28,4,Marketing Coordinator,Male,Marketing,1690722,2,55,No,Yes,37,3,Master's,3,18,35.42,1,1,1,1,1,1,1,1,1,1
E00399,Mohanlal Krish,50,3,Marketing Coordinator,Male,Marketing,1756491,2,45,Yes,Yes,8,4,Bachelor's,5,16,7.86,0,0,0,1,0,1,1,1,1,1
E00713,Adah Bajwa,50,3,Marketing Coordinator,Male,Marketing,1536791,4,50,Yes,No,27,4,Bachelor's,1,12,25.48,0,1,1,1,0,1,0,1,1,1
E00070,Fateh Raju,47,2,Marketing Coordinator,Male,Marketing,591846,2,40,Yes,No,6,3,PhD,4,4,26.79,0,0,1,0,0,1,1,0,1,1
E00299,Shanaya Johal,23,1,Marketing Coordinator,Male,Marketing,719249,2,45,No,Yes,49,3,Diploma,3,3,40.7,1,1,1,1,1,1,1,1,0,0
E00495,Raghav Chanda,28,1,Marketing Coordinator,Male,Marketing,876508,1,55,No,No,47,5,Bachelor's,5,15,27.54,0,1,1,1,1,1,1,1,1,1
E00636,Trisha Venkataraman,49,25,Marketing Manager,F,Marketing,8924245,5,50,Yes,No,41,2,Bachelor's,1,11,22.76,0,1,1,0,0,0,1,1,0,1
E00038,Elakshi Tak,50,24,Marketing Manager,F,Marketing,4208015,4,50,No,No,49,2,Diploma,4,20,21.09,1,1,1,0,1,1,0,1,0,0
E00500,Chirag Kala,46,20,Marketing Manager,F,Marketing,5456713,1,55,No,No,33,1,PhD,2,4,16.03,0,0,1,1,0,0,0,0,0,1
E00711,Divij Keer,43,20,Marketing Manager,F,Marketing,5224262,5,55,Yes,Yes,45,5,Bachelor's,3,2,5.37,0,1,0,0,0,1,0,1,1,0
E00006,Hiran Shroff,44,18,Marketing Manager,Female,Marketing,3847424,2,40,No,Yes,32,5,Diploma,5,0,33.55,1,1,1,1,1,0,1,0,0,0
E00169,Arnav Doctor,47,17,Marketing Manager,Female,Marketing,3847949,2,40,Yes,Yes,44,2,PhD,2,4,15.99,0,1,0,1,1,1,1,1,0,0
E00490,Advik Golla,40,14,Marketing Manager,Female,Marketing,4293153,4,45,No,No,18,2,PhD,1,5,14.26,1,0,1,1,1,1,0,1,0,0
E00318,Hunar Kapur,33,9,Marketing Manager,Female,Marketing,2032568,2,45,No,No,22,5,Diploma,3,2,27.11,1,0,1,0,0,1,1,1,1,0
E00335,Onkar Sarraf,49,9,Marketing Manager,Female,Marketing,2678924,5,40,No,Yes,7,2,Diploma,5,0,8.8,1,1,1,1,1,1,1,1,1,1
E00632,Eshani Bir,39,8,Marketing Manager,Female,Marketing,2040683,3,55,No,No,5,2,Master's,3,9,8.74,1,0,1,0,0,0,1,1,0,1
E00493,Advik Setty,39,7,Marketing Manager,Female,Marketing,2736096,1,50,No,Yes,49,1,Bachelor's,5,20,11.46,1,1,1,1,1,0,1,1,1,1
E00235,Kabir Karan,27,5,Marketing Manager,Female,Marketing,1048578,2,55,Yes,No,17,2,Master's,2,10,25.95,1,1,1,1,1,0,0,1,0,0
E00161,Aayush Garde,31,4,Marketing Manager,Female,Marketing,1114896,5,55,Yes,Yes,42,4,Master's,5,15,29.81,0,0,0,0,1,1,0,0,1,1
E00518,Saksham Hegde,50,4,Marketing Manager,Female,Marketing,1871286,2,50,Yes,No,27,4,PhD,3,10,23.5,0,1,0,1,0,0,1,1,1,1
E00072,Anaya Sangha,24,2,Marketing Manager,Female,Marketing,665793,2,40,Yes,No,6,5,Master's,5,19,9.67,1,0,1,0,0,1,0,0,0,0
E00506,Krish Singh,37,2,Marketing Manager,Female,Marketing,652641,5,40,Yes,Yes,17,4,PhD,5,3,29.39,1,1,1,0,0,1,0,1,0,1
E00547,Myra Bhargava,25,1,Marketing Manager,Female,Marketing,586338,4,40,No,No,29,1,Master's,3,2,7.5,0,1,1,0,0,1,0,0,1,0
E00491,Pihu Chatterjee,50,29,Marketing Manager,M,Marketing,3718702,2,55,Yes,Yes,22,3,Bachelor's,3,17,48.27,1,1,1,1,1,1,1,1,1,1
E00103,Pari Lalla,50,23,Marketing Manager,M,Marketing,8360428,3,45,Yes,No,34,4,Master's,5,16,10.53,1,0,1,1,0,1,1,1,1,1
E00643,Yuvraj  Talwar,36,14,Marketing Manager,Male,Marketing,8867742,2,40,No,No,5,5,Master's,1,12,46.78,1,1,1,1,1,0,0,1,0,0
E00348,Kanav Gour,50,12,Marketing Manager,Male,Marketing,9276481,2,50,Yes,Yes,7,4,Master's,5,16,47.09,1,1,1,1,1,1,0,1,0,1
E00184,Prerak Tella,41,10,Marketing Manager,Male,Marketing,2674169,1,50,Yes,Yes,25,3,PhD,2,5,13.54,1,0,1,1,1,1,1,1,1,1
E00531,Vardaniya Dayal,32,10,Marketing Manager,Male,Marketing,2210234,5,55,Yes,Yes,17,5,Bachelor's,4,14,30.56,1,1,1,1,1,0,1,1,0,0
E00645,Aarush Manne,50,10,Marketing Manager,Male,Marketing,2175157,2,55,No,No,29,1,Master's,5,0,39.8,1,0,1,1,1,0,1,1,0,1
E00209,Armaan Srinivas,50,9,Marketing Manager,Male,Marketing,2519943,3,50,No,No,42,3,Master's,1,18,31.35,1,0,0,1,1,1,1,1,0,1
E00198,Mohanlal Edwin,49,6,Marketing Manager,Male,Marketing,2309735,5,55,No,No,31,4,Diploma,1,16,33.84,0,1,0,1,1,1,1,1,1,1
E00685,Manikya Kothari,31,6,Marketing Manager,Male,Marketing,2950696,3,50,Yes,No,37,1,Bachelor's,2,15,33.95,0,1,0,0,0,1,1,1,1,1
E00682,Anika Mammen,47,4,Marketing Manager,Male,Marketing,1095022,1,55,No,Yes,22,1,Master's,5,19,28.55,1,0,1,0,0,1,1,1,0,1
E00355,Ryan Majumdar,27,3,Marketing Manager,Male,Marketing,1718577,3,45,No,No,32,4,PhD,5,1,7.75,0,1,0,0,0,1,0,0,0,0
E00717,Yasmin Sarkar,28,3,Marketing Manager,Male,Marketing,1667459,3,45,Yes,No,13,2,Bachelor's,3,14,33.02,1,0,0,1,0,1,1,1,1,0
E00546,Uthkarsh Kunda,50,34,Operations Manager,F,Operations,7657567,1,50,Yes,No,24,5,Master's,2,0,36,1,1,1,1,1,0,0,0,1,0
E00748,Mamooty Kala,50,31,Operations Manager,F,Operations,8906928,1,55,Yes,No,36,1,Master's,5,17,23.36,1,1,1,1,1,1,1,1,1,1
E00728,Tarini Bail,48,20,Operations Manager,F,Operations,4335962,5,55,Yes,No,35,5,Master's,4,19,49.96,0,0,0,0,1,0,0,1,0,1
E00091,Ivan Kapoor,35,12,Operations Manager,Female,Operations,8592908,1,55,Yes,Yes,31,1,Master's,1,16,5.62,1,1,0,1,1,0,1,1,1,1
E00697,Manikya Sagar,34,12,Operations Manager,Female,Operations,6482345,1,40,No,Yes,27,4,PhD,1,6,8.12,1,0,1,0,1,1,1,1,0,1
E00698,Mohanlal Gola,38,10,Operations Manager,Female,Operations,2418784,1,40,No,No,5,3,PhD,3,4,36.57,1,0,1,1,1,0,1,0,0,0
E00477,Eva Chad,28,6,Operations Manager,Female,Operations,2904244,1,45,No,Yes,27,1,PhD,3,0,12.15,1,1,1,1,1,0,1,1,0,0
E00605,Manjari Dyal,38,6,Operations Manager,Female,Operations,2385795,2,50,Yes,No,14,1,PhD,2,6,7.17,1,0,1,1,0,0,1,1,0,0
E00406,Inaaya  Dugar,27,5,Operations Manager,Female,Operations,1997970,1,40,No,Yes,31,3,Master's,4,6,26.08,1,1,0,0,1,1,1,0,0,0
E00101,Saksham Agarwal,38,4,Operations Manager,Female,Operations,1239081,2,45,No,Yes,16,1,Diploma,5,4,35.26,1,1,1,1,1,1,1,1,1,1
E00722,Kiaan Vala,29,2,Operations Manager,Female,Operations,629682,4,45,Yes,Yes,15,1,PhD,4,15,8.85,1,1,1,1,1,0,0,1,0,1
E00729,Aniruddh Manne,25,2,Operations Manager,Female,Operations,534540,5,45,Yes,Yes,43,3,Bachelor's,1,13,32.57,1,1,1,1,1,0,1,0,0,0
E00600,Neelofar Khosla,39,1,Operations Manager,Female,Operations,526425,1,50,No,Yes,11,5,PhD,3,14,6.93,1,1,0,0,1,1,1,1,0,0
E00577,Anya Wali,50,22,Operations Manager,M,Operations,4908512,3,50,Yes,No,15,4,Master's,3,19,24.74,1,1,1,1,1,1,0,0,0,1
E00586,Indrajit Andra,50,22,Operations Manager,M,Operations,3112770,5,50,Yes,Yes,30,4,Master's,1,14,27.71,0,0,1,1,1,0,0,0,0,1
E00213,Aradhya Datta,49,16,Operations Manager,Male,Operations,9616403,3,45,No,No,25,5,Master's,4,18,33.58,0,0,0,1,1,0,1,1,1,1
E00144,Alia Konda,39,14,Operations Manager,Male,Operations,8153622,3,50,No,Yes,48,3,Master's,2,7,23.21,0,0,1,0,0,0,1,0,0,0
E00340,Hiran Balay,46,13,Operations Manager,Male,Operations,7340890,5,40,No,No,43,3,Bachelor's,4,13,26.43,1,1,0,0,1,1,0,0,0,0
E00175,Kaira Bath,41,12,Operations Manager,Male,Operations,9475769,2,40,No,Yes,31,3,PhD,3,15,44.98,1,0,0,0,0,1,0,0,0,0
E00334,Kavya Karan,31,9,Operations Manager,Male,Operations,2444148,3,45,Yes,Yes,15,4,Diploma,3,3,32.18,1,1,1,1,1,1,1,1,1,1
E00023,Zaina Magar,43,7,Operations Manager,Male,Operations,2287094,4,50,Yes,No,26,5,Master's,2,10,26.66,1,1,0,0,0,1,0,0,0,0
E00020,Renee Virk,27,5,Operations Manager,Male,Operations,1907337,4,55,Yes,Yes,26,5,Diploma,1,12,33.13,1,1,0,1,0,0,0,1,0,1
E00061,Neelofar Dora,45,5,Operations Manager,Male,Operations,1475577,2,50,Yes,No,29,4,Master's,5,4,12.71,1,1,1,1,1,1,1,0,0,0
E00173,Umang Krishnan,41,5,Operations Manager,Male,Operations,1405978,4,45,No,No,36,1,Diploma,5,3,12.23,0,1,0,0,0,1,1,1,1,1
E00145,Aarna Barman,29,4,Operations Manager,Male,Operations,1618785,4,45,Yes,No,8,4,Diploma,2,14,38.25,1,0,0,1,0,0,1,0,0,0
E00271,Tiya Rau,29,4,Operations Manager,Male,Operations,1084564,5,50,Yes,Yes,12,5,PhD,1,13,30.97,1,0,1,1,1,1,1,1,1,1
E00104,Kanav Bhargava,27,2,Operations Manager,Male,Operations,918397,5,45,Yes,No,23,4,Master's,3,8,37.61,1,0,1,0,1,0,1,0,1,1
E00194,Armaan Ramesh,50,13,Recruiter,Female,HR,4085055,3,50,Yes,Yes,31,4,Bachelor's,1,20,15.4,1,0,0,0,0,1,1,1,1,1
E00305,Sumer Keer,35,10,Recruiter,Female,HR,2324421,2,40,Yes,No,9,5,Bachelor's,1,10,20.14,1,1,0,1,1,1,0,1,0,0
E00625,Faiyaz Ramesh,33,8,Recruiter,Female,HR,2851681,1,55,Yes,Yes,43,3,Master's,5,7,21.72,0,1,1,1,1,0,1,1,0,0
E00516,Oorja Madan,30,6,Recruiter,Female,HR,2802696,2,55,No,Yes,33,3,Bachelor's,4,6,35.93,1,0,1,1,0,1,0,0,0,0
E00014,Elakshi De,28,2,Recruiter,Female,HR,907328,1,50,No,Yes,16,1,Bachelor's,2,1,27.94,1,0,1,1,0,0,0,1,0,0
E00164,Vaibhav Manne,27,2,Recruiter,Female,HR,858309,4,50,No,No,29,5,Diploma,1,5,49.54,0,1,0,1,1,0,0,1,0,0
E00059,Miraya Bedi,23,1,Recruiter,Female,HR,840904,2,55,Yes,Yes,39,4,PhD,5,8,41.91,1,1,1,1,0,1,1,1,1,1
E00280,Ahana  Behl,24,1,Recruiter,Female,HR,926268,1,40,Yes,No,32,3,PhD,3,3,43.51,1,1,0,1,0,1,1,1,0,1
E00687,Bhamini Goel,25,1,Recruiter,Female,HR,823664,3,45,No,Yes,22,3,PhD,1,18,25.96,1,1,1,0,0,0,0,0,1,0
E00440,Rhea Borde,50,29,Recruiter,M,HR,6038265,3,55,Yes,No,8,1,PhD,1,11,39.26,1,0,0,1,0,0,0,1,1,0
E00338,Ishaan Gill,45,20,Recruiter,M,HR,7557706,4,55,No,No,26,2,Bachelor's,5,19,8.08,1,1,1,1,1,1,1,1,0,0
E00241,Ehsaan Loke,46,19,Recruiter,M,HR,4198564,5,55,Yes,No,37,4,Diploma,4,3,41.4,0,1,1,1,1,0,1,1,1,1
E00434,Dhanush Gala,41,19,Recruiter,M,HR,8445976,2,40,No,Yes,36,4,Diploma,4,3,30.74,1,0,0,0,1,1,0,0,0,0
E00053,Mahika Thakur,50,15,Recruiter,Male,HR,4422681,2,40,Yes,No,45,5,Diploma,4,18,37.97,1,1,1,1,0,0,1,1,0,0
E00179,Mahika Raj,50,15,Recruiter,Male,HR,8144622,5,55,No,Yes,48,2,Diploma,1,19,37.55,1,1,1,1,1,1,1,0,0,1
E00614,Tarini Krishnamurthy,42,15,Recruiter,Male,HR,5118940,4,55,No,Yes,22,4,Master's,1,3,15.84,1,0,0,0,1,0,0,1,1,1
E00342,Ivana Choudhry,42,14,Recruiter,Male,HR,8907495,2,50,No,Yes,7,1,Diploma,2,0,22.34,0,0,1,0,0,0,1,1,1,0
E00248,Kismat Anne,41,13,Recruiter,Male,HR,6463503,5,45,No,No,10,1,Diploma,3,20,32.33,1,0,0,1,0,1,1,1,0,0
E00076,Jhanvi Sant,35,11,Recruiter,Male,HR,4750052,1,45,No,No,32,5,Bachelor's,3,3,23.33,0,1,1,1,1,1,1,1,1,1
E00133,Anika Ganguly,48,10,Recruiter,Male,HR,2190412,4,45,No,Yes,50,3,Master's,5,11,25.29,1,1,1,1,1,0,0,0,1,0
E00323,Vidur Sethi,36,5,Recruiter,Male,HR,1825971,4,45,No,No,20,4,PhD,4,6,42.44,0,1,0,0,0,1,1,0,1,0
E00619,Jayesh Sengupta,50,4,Recruiter,Male,HR,1533603,4,50,Yes,Yes,37,2,Bachelor's,2,18,42.58,1,1,1,1,1,0,1,1,1,0
E00347,Onkar Atwal,29,2,Recruiter,Male,HR,664078,2,45,No,No,46,2,Master's,4,10,36.24,1,1,1,1,0,0,0,1,0,0
E00678,Nitya Biswas,26,1,Recruiter,Male,HR,529568,4,40,Yes,No,38,3,Diploma,2,18,36.83,1,1,1,1,1,1,1,0,1,0
E00118,Heer Chakraborty,50,26,Sales Manager,F,Sales,5993060,3,40,Yes,Yes,9,2,PhD,3,1,39.62,1,1,0,1,1,1,1,1,0,0
E00180,Yasmin Anne,43,10,Sales Manager,Female,Sales,2438054,3,55,No,Yes,9,4,Diploma,2,20,39.44,1,0,0,0,0,0,0,1,0,0
E00303,Shanaya Kota,50,9,Sales Manager,Female,Sales,2099553,3,40,Yes,No,28,5,Master's,5,3,27.08,0,0,0,0,1,0,1,0,0,0
E00420,Nakul Bajaj,31,8,Sales Manager,Female,Sales,2831623,3,50,Yes,Yes,9,1,Bachelor's,4,11,49.79,1,0,0,0,0,1,0,1,1,1
E00396,Miraan Sha,48,6,Sales Manager,Female,Sales,2956852,5,55,No,Yes,34,5,Bachelor's,1,15,48.41,1,1,0,0,1,1,1,1,1,1
E00442,Anay Rattan,50,6,Sales Manager,Female,Sales,2549209,1,40,No,Yes,11,1,Master's,1,10,5.29,0,1,1,0,0,1,1,1,0,1
E00622,Arhaan Sanghvi,38,6,Sales Manager,Female,Sales,2165154,1,55,No,No,28,2,Diploma,1,11,40.74,1,1,0,0,1,1,1,1,1,1
E00166,Chirag Sura,39,5,Sales Manager,Female,Sales,1163713,3,40,No,Yes,8,1,Diploma,2,7,30.26,1,1,1,1,1,1,0,0,1,1
E00170,Tara Uppal,30,4,Sales Manager,Female,Sales,1260410,1,40,No,No,32,3,Bachelor's,4,8,8.7,1,0,0,1,1,0,1,0,1,1
E00029,Ahana  Bath,27,2,Sales Manager,Female,Sales,734791,4,45,Yes,No,11,1,Master's,2,18,24.18,1,0,0,1,1,1,1,1,1,1
E00263,Yakshit Chanda,24,2,Sales Manager,Female,Sales,767022,2,45,No,No,37,5,Bachelor's,4,5,35.02,1,0,1,1,1,0,0,0,1,0
E00730,Renee Gour,46,1,Sales Manager,Female,Sales,678283,3,55,No,No,31,2,Bachelor's,3,17,30.98,0,0,0,1,0,0,0,1,0,0
E00233,Tushar Sant,50,32,Sales Manager,M,Sales,7884981,1,55,Yes,Yes,11,5,Bachelor's,4,15,27.54,1,0,1,0,0,1,1,1,1,1
E00047,Yashvi Chada,50,25,Sales Manager,M,Sales,5324156,5,55,No,No,30,2,Bachelor's,5,11,39.55,1,1,0,0,1,0,0,0,0,1
E00266,Sumer Kashyap,50,22,Sales Manager,M,Sales,5041212,5,50,Yes,Yes,34,4,Bachelor's,2,17,20.29,1,1,1,0,1,1,1,1,1,1
E00462,Zara Dara,50,22,Sales Manager,M,Sales,5744824,3,55,Yes,No,46,4,Master's,2,17,27.5,1,1,1,1,1,1,0,1,0,0
E00676,Zoya Batta,50,22,Sales Manager,M,Sales,9295396,5,50,Yes,No,28,3,Diploma,2,7,37.62,1,1,1,1,1,0,1,1,1,0
E00057,Anvi Cheema,50,21,Sales Manager,M,Sales,5477645,1,40,Yes,Yes,24,1,PhD,2,10,6.06,1,1,1,1,1,1,1,1,0,1
E00471,Jiya Bains,50,15,Sales Manager,Male,Sales,8735505,4,45,No,No,7,5,Bachelor's,3,16,8.71,0,0,0,0,1,0,0,0,0,1
E00316,Veer Chad,40,9,Sales Manager,Male,Sales,2748929,5,50,No,No,27,3,PhD,2,8,27.19,0,1,1,1,1,1,1,1,1,1
E00349,Lakshay Virk,33,6,Sales Manager,Male,Sales,2445779,1,40,Yes,Yes,50,4,Master's,1,18,47.8,1,1,1,0,1,1,1,1,1,0
E00244,Saksham Kumar,33,4,Sales Manager,Male,Sales,1918360,2,55,No,Yes,6,4,Master's,2,11,5.82,0,0,1,1,1,1,0,0,0,1
E00623,Priyansh Guha,26,4,Sales Manager,Male,Sales,1967173,2,40,Yes,No,35,2,Master's,4,17,13.98,1,0,0,0,0,1,1,1,1,1
E00575,Navya Sangha,27,3,Sales Manager,Male,Sales,1950367,1,45,No,No,6,4,Bachelor's,4,18,42.16,0,1,1,0,0,1,1,1,0,1
E00688,Divij Barad,30,2,Sales Manager,Male,Sales,971469,4,40,No,No,10,5,PhD,4,20,6.77,1,1,1,1,1,0,1,1,1,1
E00703,Shray Dara,24,2,Sales Manager,Male,Sales,852810,2,40,Yes,No,18,5,Diploma,1,14,8.77,1,0,1,1,1,1,1,1,1,1
E00648,Priyansh Sankaran,50,1,Sales Manager,Male,Sales,549834,1,40,No,No,48,1,Diploma,5,20,33.03,1,1,1,1,1,1,0,0,1,0
E00212,Azad Yohannan,50,25,Sales Representative,F,Sales,6969732,3,40,No,Yes,7,3,Bachelor's,1,7,16.12,0,0,0,0,1,0,1,1,0,1
E00591,Vedika Arya,50,18,Sales Representative,Female,Sales,9633368,1,45,Yes,No,26,4,Diploma,4,11,11,1,1,1,1,0,0,1,1,0,0
E00560,Kanav Hari,43,13,Sales Representative,Female,Sales,4551969,3,45,No,Yes,27,2,PhD,4,4,11.37,0,1,0,0,1,1,0,0,0,0
E00157,Navya Sangha,50,11,Sales Representative,Female,Sales,9475311,2,45,Yes,No,50,3,Master's,4,1,41.4,1,0,1,0,0,1,1,1,1,1
E00724,Darshit Loyal,33,11,Sales Representative,Female,Sales,6318820,3,50,No,No,9,2,Diploma,1,8,21.13,0,1,1,1,0,1,0,0,1,0
E00090,Trisha Saini,50,10,Sales Representative,Female,Sales,2121487,3,45,Yes,No,31,5,Diploma,5,5,45.14,1,0,1,1,1,1,1,1,1,1
E00530,Shaan Sarma,36,8,Sales Representative,Female,Sales,2841904,2,50,Yes,No,25,5,Master's,5,7,18.47,1,0,1,1,1,1,0,1,0,1
E00086,Rasha Ganesh,28,5,Sales Representative,Female,Sales,1171392,5,50,Yes,No,32,5,Diploma,4,12,7.39,1,1,1,0,0,1,1,0,1,0
E00298,Sumer Raval,29,5,Sales Representative,Female,Sales,1108629,4,45,No,Yes,19,4,Master's,2,9,17.1,0,1,0,1,1,0,1,1,1,1
E00312,Samiha Yohannan,38,4,Sales Representative,Female,Sales,1308608,1,50,No,No,35,5,Bachelor's,2,16,7.84,0,1,1,1,0,0,0,1,1,0
E00421,Mamooty Sachdeva,42,4,Sales Representative,Female,Sales,1996156,4,40,Yes,No,36,3,Diploma,3,4,34.4,1,1,1,1,0,1,1,0,1,1
E00476,Ranbir Thakur,27,1,Sales Representative,Female,Sales,920294,3,50,No,Yes,41,4,Master's,2,13,45.91,1,1,0,1,1,1,1,1,0,1
E00062,Adira Chana,43,13,Sales Representative,Male,Sales,9193331,1,50,Yes,No,23,5,PhD,4,18,46.75,1,1,1,0,0,1,1,1,1,1
E00162,Samarth Badami,43,10,Sales Representative,Male,Sales,2924210,3,45,No,No,15,2,Master's,5,20,42.72,1,0,0,1,0,0,0,1,0,0
E00428,Vaibhav Agrawal,35,9,Sales Representative,Male,Sales,2035128,3,45,No,Yes,19,4,Master's,4,14,6.41,0,1,0,1,0,0,1,1,1,0
E00464,Shalv Vaidya,38,9,Sales Representative,Male,Sales,2643860,4,40,Yes,Yes,47,5,Diploma,5,20,43.84,0,1,1,0,1,0,1,0,0,0
E00146,Madhup De,30,8,Sales Representative,Male,Sales,2667291,3,50,Yes,Yes,36,4,Diploma,1,0,26.74,1,0,1,1,1,1,1,1,0,1
E00443,Charvi Basu,43,8,Sales Representative,Male,Sales,2431879,5,55,Yes,Yes,36,2,Diploma,3,13,33.38,1,0,0,1,1,1,1,1,1,1
E00458,Piya Singh,42,8,Sales Representative,Male,Sales,2653822,2,45,No,Yes,38,2,Bachelor's,3,17,27.84,0,1,1,1,1,0,1,1,1,0
E00479,Kavya Bhakta,35,7,Sales Representative,Male,Sales,2139089,4,50,Yes,Yes,20,1,PhD,1,13,40.81,0,0,0,1,0,1,0,0,1,0
E00701,Ehsaan Khatri,31,7,Sales Representative,Male,Sales,2598933,1,55,Yes,No,47,3,Diploma,5,10,39.31,0,1,0,0,1,0,0,0,1,1
E00087,Nakul Choudhury,47,6,Sales Representative,Male,Sales,2592705,5,50,Yes,No,21,5,Master's,2,14,20.95,1,0,1,0,1,0,1,0,0,1
E00597,Divit Kale,29,6,Sales Representative,Male,Sales,2369060,2,45,No,No,46,3,PhD,5,15,13.2,1,1,1,1,1,0,0,0,0,1
E00536,Tanya Dugar,34,5,Sales Representative,Male,Sales,1678779,1,40,Yes,Yes,36,1,Master's,1,5,11,1,0,0,1,1,1,0,1,1,1
E00650,Aayush Bhardwaj,39,5,Sales Representative,Male,Sales,1875555,5,50,No,Yes,35,5,PhD,1,11,6.94,1,1,1,1,1,0,0,0,1,1
E00714,Yuvraj  Batra,50,5,Sales Representative,Male,Sales,1621748,2,40,Yes,Yes,44,3,Diploma,5,16,42.44,0,0,1,0,0,0,0,1,0,1
E00028,Hrishita Chaudry,50,2,Sales Representative,Male,Sales,921381,3,45,Yes,Yes,15,5,Bachelor's,4,18,22.08,0,1,1,1,1,1,1,0,1,1
E00336,Madhav Ganguly,44,2,Sales Representative,Male,Sales,879124,2,40,Yes,No,25,1,Diploma,5,15,26.69,0,1,1,0,0,1,1,1,1,1
E00317,Aaina Sabharwal,50,20,Software Engineer,F,IT,8629932,2,45,Yes,No,15,4,Diploma,4,6,23.17,0,0,0,1,1,0,0,1,0,1
E00274,Divij Sane,50,12,Software Engineer,Female,IT,3490000,3,40,Yes,No,37,2,Bachelor's,4,0,12.55,1,1,0,0,0,0,1,1,0,0
E00276,Ranbir Raval,50,11,Software Engineer,Female,IT,7799047,5,55,Yes,Yes,50,3,Bachelor's,2,20,5.86,0,1,0,0,1,0,0,1,1,0
E00664,Shamik Dada,38,6,Software Engineer,Female,IT,2994470,2,40,Yes,Yes,26,3,Bachelor's,2,13,12.09,1,1,1,0,0,0,0,1,0,0
E00360,Dharmajan Baria,29,4,Software Engineer,Female,IT,1955607,3,40,No,Yes,48,4,Bachelor's,1,1,45.67,0,1,0,1,1,1,1,0,1,0
E00219,Chirag Bawa,42,1,Software Engineer,Female,IT,705219,3,55,Yes,No,41,3,Master's,2,4,12.87,0,1,0,1,0,1,0,1,1,1
E00413,Oorja Seshadri,34,1,Software Engineer,Female,IT,946055,1,50,No,Yes,35,1,Master's,1,18,39.69,0,0,1,0,0,0,0,0,0,1
E00431,Yuvraj  Hayer,27,1,Software Engineer,Female,IT,675283,2,40,Yes,No,38,3,PhD,4,0,33.17,1,1,1,1,1,0,1,1,0,0
E00320,Lakshay Chander,50,19,Software Engineer,M,IT,9760813,1,55,Yes,No,49,5,PhD,3,0,32.37,0,1,1,0,0,1,1,1,1,1
E00569,Dhanush Ganesan,50,9,Software Engineer,Male,IT,2534323,1,40,Yes,Yes,50,2,Diploma,2,6,42.56,0,1,0,1,1,1,1,0,1,1
E00549,Sana Bhatnagar,50,3,Software Engineer,Male,IT,1995760,5,55,Yes,Yes,6,4,Bachelor's,5,15,17.35,0,1,1,1,0,1,0,1,1,1
E00389,Ishita Krishnan,32,1,Software Engineer,Male,IT,586822,2,55,Yes,Yes,36,1,Bachelor's,4,8,7.56,0,0,1,1,1,0,1,0,0,0
E00533,Ishita Bose,50,20,Supply Chain Analyst,F,Operations,5404445,2,50,Yes,No,24,5,PhD,2,2,49.69,1,0,1,0,1,0,0,1,1,1
E00393,Himmat Singhal,50,19,Supply Chain Analyst,F,Operations,8164512,3,50,Yes,No,49,4,Master's,3,8,46.55,1,0,1,1,1,1,1,1,1,1
E00708,Pari Iyengar,50,19,Supply Chain Analyst,F,Operations,8076211,3,45,Yes,Yes,34,1,Diploma,2,6,31.15,1,1,1,0,0,1,1,1,1,1
E00436,Zara Wason,50,18,Supply Chain Analyst,Female,Operations,5820711,1,45,No,No,30,3,Bachelor's,3,13,8.01,0,0,1,0,0,1,1,1,1,1
E00522,Ryan Kumer,36,12,Supply Chain Analyst,Female,Operations,9286483,5,50,Yes,Yes,46,4,Master's,2,0,10.53,1,1,0,1,0,0,0,0,1,0
E00109,Onkar Bhavsar,40,11,Supply Chain Analyst,Female,Operations,4627510,1,50,No,No,13,1,PhD,4,4,16.4,0,0,0,1,1,0,1,1,0,1
E00268,Ritvik Acharya,50,7,Supply Chain Analyst,Female,Operations,2670802,1,55,No,Yes,28,3,PhD,2,1,46.06,0,1,0,0,0,0,1,1,0,0
E00525,Samiha Tata,30,7,Supply Chain Analyst,Female,Operations,2978809,3,40,Yes,Yes,25,3,PhD,3,0,45.37,1,1,1,1,1,0,0,1,1,0
E00740,Anaya Chakraborty,38,6,Supply Chain Analyst,Female,Operations,2121064,5,55,Yes,No,46,2,Bachelor's,2,16,27.86,1,1,1,1,0,0,0,0,0,1
E00606,Mishti Bera,29,5,Supply Chain Analyst,Female,Operations,1784862,5,45,Yes,Yes,39,3,PhD,1,2,30.61,1,1,0,1,0,1,1,0,1,0
E00519,Tarini Ravi,30,3,Supply Chain Analyst,Female,Operations,1921314,1,55,No,No,42,3,Diploma,5,4,20.48,1,1,1,1,1,1,1,1,1,1
E00258,Advika Chaudry,48,1,Supply Chain Analyst,Female,Operations,695025,1,40,No,Yes,35,5,Diploma,3,18,18.32,0,1,1,0,0,0,0,0,0,1
E00448,Vihaan Amble,30,1,Supply Chain Analyst,Female,Operations,515171,3,55,No,No,30,2,Master's,5,8,45.06,1,1,0,1,0,1,1,0,1,1
E00141,Kiaan Shere,50,27,Supply Chain Analyst,M,Operations,5862089,4,55,Yes,Yes,5,4,Master's,3,4,24.69,0,0,1,0,0,0,0,0,0,1
E00186,Zoya Handa,50,24,Supply Chain Analyst,M,Operations,5913819,1,45,Yes,Yes,15,2,Master's,5,4,41.03,0,0,0,1,1,1,1,1,1,0
E00039,Madhav Wason,42,18,Supply Chain Analyst,M,Operations,6456476,3,40,No,No,12,4,PhD,1,0,49.58,1,1,1,1,0,0,1,1,1,0
E00117,Navya Kalla,50,12,Supply Chain Analyst,Male,Operations,7495133,1,50,Yes,Yes,17,4,Bachelor's,3,16,43.84,0,1,1,1,1,1,0,1,0,1
E00110,Farhan Viswanathan,50,8,Supply Chain Analyst,Male,Operations,2017846,2,50,Yes,No,21,3,PhD,3,9,13.58,1,1,1,0,1,1,0,1,1,1
E00093,Alia Lalla,32,5,Supply Chain Analyst,Male,Operations,1604688,4,40,Yes,No,38,4,Bachelor's,5,4,20.82,1,0,1,1,1,1,1,1,1,1
E00130,Romil Jaggi,50,5,Supply Chain Analyst,Male,Operations,1837985,1,40,Yes,Yes,15,1,Diploma,4,7,9.64,0,0,0,1,0,1,0,1,0,1
E00147,Adah Char,44,3,Supply Chain Analyst,Male,Operations,1885023,1,45,Yes,Yes,10,5,Master's,4,0,6.35,1,1,1,0,0,1,0,0,0,1
E00199,Rati Maharaj,44,3,Supply Chain Analyst,Male,Operations,1536269,1,50,No,No,42,2,Master's,2,14,45.13,1,1,1,1,0,0,1,0,0,0
E00501,Purab Date,39,3,Supply Chain Analyst,Male,Operations,1272612,4,40,Yes,No,35,1,PhD,5,18,47.52,1,1,0,1,1,1,1,0,0,0
E00610,Adah Ben,50,3,Supply Chain Analyst,Male,Operations,1412738,3,40,Yes,No,21,3,PhD,4,11,16.86,0,1,0,1,1,1,1,1,1,1
E00363,Advika Ramesh,50,2,Supply Chain Analyst,Male,Operations,509602,1,45,No,No,44,2,Bachelor's,2,10,6.06,0,1,0,0,0,0,1,0,0,0
E00517,Azad Dugar,31,2,Supply Chain Analyst,Male,Operations,960653,2,55,Yes,Yes,21,2,Diploma,1,13,40.77,1,1,0,1,1,0,1,0,1,1
E00554,Taimur Tiwari,25,2,Supply Chain Analyst,Male,Operations,749164,1,55,Yes,No,30,4,PhD,2,3,21.77,0,1,0,1,0,1,0,0,0,0
E00461,Lakshay Bhardwaj,27,1,Supply Chain Analyst,Male,Operations,511860,3,45,No,No,25,2,Diploma,2,11,49.88,1,1,1,1,1,1,1,1,1,1
E00513,Arnav Baria,50,32,System Administrator,F,IT,5142532,4,40,Yes,Yes,16,4,Diploma,5,12,15.41,1,1,1,1,1,1,0,0,0,0
E00692,Reyansh Chaudhry,50,24,System Administrator,F,IT,4544123,3,50,Yes,Yes,49,4,Bachelor's,3,13,12.7,1,1,1,1,1,1,0,0,1,1
E00098,Kanav Mahal,48,18,System Administrator,Female,IT,4178047,3,40,No,Yes,20,3,Diploma,2,17,49.82,0,1,1,1,1,1,1,1,0,1
E00208,Ela Vasa,46,11,System Administrator,Female,IT,9567807,4,40,Yes,Yes,48,2,Bachelor's,1,19,32.3,0,0,0,0,1,1,1,1,1,1
E00731,Parinaaz Karan,50,10,System Administrator,Female,IT,2495995,1,45,No,No,21,3,PhD,5,11,36.85,0,1,1,1,1,1,1,1,1,1
E00068,Tiya Balakrishnan,34,9,System Administrator,Female,IT,2005989,5,55,No,No,23,2,PhD,5,3,31.84,0,0,1,0,0,1,1,1,0,0
E00585,Piya Hayer,50,7,System Administrator,Female,IT,2540439,4,50,Yes,Yes,20,2,Master's,1,6,11.65,0,1,0,0,0,0,0,0,0,1
E00694,Raunak Handa,50,5,System Administrator,Female,IT,1866284,1,45,Yes,No,20,4,Diploma,2,1,43.76,0,1,1,1,0,0,0,1,0,1
E00236,Anvi Gera,50,4,System Administrator,Female,IT,1418341,5,45,No,No,7,3,Diploma,5,2,5.81,1,1,1,0,1,1,0,1,1,1
E00230,Lakshay Agarwal,32,2,System Administrator,Female,IT,707564,4,50,Yes,Yes,20,5,Diploma,3,5,32.26,0,0,1,1,0,0,1,0,0,0
E00004,Anvi Gola,50,32,System Administrator,M,IT,3858908,1,50,No,No,20,3,Bachelor's,2,8,25.24,1,1,0,1,1,1,0,0,0,0
E00592,Adira Mander,50,30,System Administrator,M,IT,9531991,5,55,Yes,Yes,47,2,Master's,2,1,30.63,1,1,1,1,1,1,0,1,1,1
E00055,Farhan Badami,42,19,System Administrator,M,IT,7735979,2,55,Yes,Yes,41,2,Diploma,1,7,21.24,0,1,1,0,1,0,1,0,1,1
E00207,Shanaya Viswanathan,34,7,System Administrator,Male,IT,2898786,5,50,No,Yes,48,4,PhD,5,13,42.42,1,0,1,0,0,1,1,0,0,0
E00403,Abram Choudhary,23,1,System Administrator,Male,IT,811246,1,50,No,Yes,47,5,Diploma,3,13,37.25,1,0,1,0,0,1,0,1,1,0
